Episode,Max Tile
0,32
1,64
2,64
3,32
4,128
5,32
6,64
7,128
8,64
9,256
10,64
11,64
12,32
13,64
14,64
15,64
16,64
17,32
18,128
19,64
20,128
21,64
22,32
23,256
24,128
25,128
26,256
27,64
28,128
29,32
30,64
31,32
32,256
33,128
34,128
35,64
36,128
37,64
38,128
39,128
40,64
41,64
42,128
43,32
44,64
45,128
46,256
47,64
48,128
49,64
50,64
51,256
52,32
53,128
54,32
55,64
56,128
57,64
58,128
59,128
60,64
61,128
62,64
63,128
64,64
65,32
66,256
67,64
68,64
69,64
70,32
71,64
72,256
73,64
74,32
75,32
76,128
77,64
78,32
79,32
80,128
81,64
82,64
83,128
84,32
85,64
86,64
87,64
88,64
89,32
90,256
91,64
92,128
93,64
94,128
95,64
96,64
97,128
98,32
99,128
100,64
101,32
102,128
103,64
104,32
105,64
106,64
107,32
108,128
109,64
110,128
111,128
112,128
113,16
114,64
115,64
116,64
117,128
118,32
119,128
120,128
121,32
122,64
123,32
124,16
125,64
126,128
127,64
128,32
129,64
130,32
131,64
132,128
133,128
134,64
135,128
136,128
137,32
138,64
139,64
140,64
141,64
142,32
143,64
144,128
145,32
146,32
147,32
148,128
149,128
150,128
151,128
152,32
153,32
154,128
155,32
156,128
157,32
158,64
159,128
160,128
161,128
162,64
163,64
164,128
165,32
166,128
167,32
168,64
169,64
170,128
171,32
172,256
173,32
174,128
175,64
176,64
177,16
178,64
179,64
180,128
181,64
182,128
183,256
184,32
185,64
186,128
187,32
188,64
189,64
190,128
191,64
192,32
193,64
194,32
195,64
196,32
197,32
198,256
199,64
200,64
201,128
202,128
203,128
204,64
205,256
206,128
207,64
208,64
209,128
210,64
211,32
212,128
213,32
214,64
215,64
216,64
217,128
218,128
219,32
220,64
221,32
222,64
223,128
224,128
225,32
226,64
227,64
228,64
229,32
230,64
231,128
232,64
233,32
234,64
235,128
236,32
237,128
238,128
239,64
240,64
241,256
242,128
243,64
244,128
245,64
246,128
247,64
248,32
249,128
250,32
251,128
252,64
253,128
254,128
255,64
256,64
257,128
258,128
259,64
260,256
261,128
262,256
263,64
264,128
265,128
266,128
267,128
268,64
269,128
270,128
271,64
272,32
273,128
274,64
275,128
276,128
277,128
278,32
279,128
280,128
281,128
282,128
283,64
284,32
285,128
286,64
287,64
288,64
289,128
290,128
291,128
292,64
293,128
294,128
295,64
296,64
297,64
298,64
299,64
300,128
301,128
302,32
303,64
304,32
305,64
306,64
307,16
308,64
309,64
310,256
311,128
312,32
313,64
314,64
315,32
316,64
317,128
318,256
319,128
320,64
321,128
322,64
323,128
324,64
325,64
326,32
327,128
328,64
329,64
330,32
331,64
332,64
333,128
334,256
335,128
336,128
337,64
338,128
339,256
340,64
341,64
342,64
343,128
344,32
345,64
346,64
347,32
348,256
349,64
350,128
351,128
352,32
353,32
354,128
355,256
356,128
357,256
358,128
359,128
360,128
361,64
362,32
363,64
364,64
365,128
366,64
367,64
368,128
369,32
370,128
371,128
372,128
373,64
374,256
375,64
376,128
377,256
378,128
379,64
380,128
381,64
382,64
383,256
384,128
385,128
386,32
387,128
388,128
389,64
390,128
391,64
392,64
393,128
394,128
395,64
396,128
397,128
398,64
399,64
400,16
401,128
402,128
403,64
404,128
405,256
406,128
407,128
408,256
409,64
410,64
411,128
412,128
413,16
414,64
415,128
416,32
417,256
418,64
419,64
420,64
421,64
422,128
423,128
424,128
425,128
426,32
427,64
428,128
429,256
430,64
431,64
432,128
433,128
434,64
435,128
436,128
437,64
438,64
439,64
440,128
441,256
442,256
443,128
444,128
445,128
446,128
447,256
448,64
449,128
450,64
451,32
452,128
453,128
454,64
455,64
456,32
457,128
458,64
459,64
460,128
461,64
462,256
463,256
464,256
465,32
466,64
467,128
468,128
469,256
470,128
471,256
472,64
473,128
474,64
475,32
476,128
477,64
478,64
479,64
480,128
481,128
482,32
483,128
484,128
485,128
486,64
487,128
488,64
489,64
490,128
491,64
492,64
493,64
494,128
495,64
496,64
497,128
498,128
499,128
500,128
501,64
502,128
503,128
504,64
505,128
506,128
507,128
508,64
509,128
510,128
511,32
512,64
513,64
514,128
515,128
516,128
517,32
518,128
519,64
520,128
521,32
522,128
523,128
524,256
525,128
526,128
527,128
528,32
529,128
530,128
531,32
532,64
533,128
534,64
535,128
536,128
537,64
538,128
539,64
540,64
541,64
542,64
543,128
544,256
545,64
546,128
547,64
548,256
549,32
550,128
551,64
552,128
553,64
554,64
555,64
556,64
557,128
558,64
559,128
560,256
561,128
562,128
563,256
564,64
565,64
566,128
567,128
568,128
569,64
570,128
571,256
572,128
573,128
574,64
575,64
576,64
577,128
578,64
579,128
580,64
581,64
582,128
583,64
584,128
585,128
586,128
587,64
588,128
589,256
590,32
591,128
592,128
593,64
594,32
595,128
596,128
597,128
598,64
599,64
600,128
601,128
602,32
603,256
604,256
605,32
606,64
607,32
608,64
609,128
610,512
611,128
612,32
613,128
614,32
615,32
616,128
617,128
618,256
619,64
620,256
621,64
622,64
623,128
624,128
625,128
626,64
627,128
628,64
629,64
630,64
631,64
632,128
633,128
634,64
635,256
636,128
637,128
638,64
639,64
640,256
641,128
642,256
643,256
644,16
645,256
646,64
647,64
648,128
649,256
650,64
651,128
652,128
653,64
654,64
655,128
656,128
657,128
658,64
659,128
660,128
661,64
662,64
663,128
664,256
665,64
666,128
667,128
668,64
669,128
670,64
671,128
672,256
673,128
674,256
675,64
676,128
677,128
678,64
679,64
680,64
681,256
682,128
683,64
684,64
685,64
686,64
687,64
688,64
689,128
690,128
691,64
692,128
693,32
694,128
695,256
696,128
697,128
698,64
699,128
700,256
701,128
702,32
703,32
704,128
705,128
706,128
707,128
708,128
709,64
710,128
711,64
712,256
713,16
714,256
715,128
716,128
717,64
718,64
719,64
720,128
721,128
722,128
723,128
724,64
725,64
726,32
727,64
728,128
729,64
730,32
731,128
732,128
733,128
734,64
735,32
736,128
737,64
738,64
739,64
740,64
741,128
742,256
743,256
744,256
745,64
746,32
747,64
748,128
749,128
750,128
751,64
752,128
753,256
754,128
755,64
756,128
757,128
758,256
759,128
760,256
761,64
762,128
763,128
764,32
765,32
766,64
767,128
768,256
769,256
770,128
771,32
772,128
773,32
774,128
775,128
776,128
777,64
778,64
779,128
780,128
781,128
782,128
783,64
784,64
785,64
786,128
787,128
788,128
789,256
790,64
791,128
792,128
793,128
794,64
795,128
796,32
797,128
798,64
799,64
800,128
801,128
802,32
803,64
804,64
805,128
806,64
807,128
808,64
809,128
810,64
811,128
812,256
813,256
814,128
815,64
816,128
817,32
818,64
819,64
820,64
821,64
822,256
823,256
824,32
825,32
826,128
827,128
828,128
829,32
830,256
831,128
832,128
833,128
834,256
835,128
836,64
837,128
838,256
839,128
840,128
841,256
842,128
843,256
844,256
845,256
846,64
847,128
848,128
849,128
850,128
851,64
852,256
853,256
854,64
855,128
856,128
857,256
858,128
859,32
860,64
861,128
862,32
863,128
864,128
865,64
866,64
867,128
868,64
869,128
870,128
871,64
872,256
873,64
874,128
875,128
876,256
877,64
878,256
879,256
880,64
881,128
882,256
883,128
884,128
885,128
886,64
887,128
888,128
889,128
890,128
891,256
892,128
893,256
894,64
895,128
896,128
897,128
898,64
899,128
900,128
901,256
902,64
903,128
904,64
905,64
906,64
907,256
908,64
909,256
910,256
911,32
912,64
913,64
914,128
915,32
916,256
917,32
918,128
919,128
920,128
921,64
922,256
923,64
924,128
925,64
926,128
927,32
928,32
929,256
930,128
931,128
932,128
933,128
934,256
935,128
936,128
937,128
938,64
939,128
940,128
941,128
942,256
943,128
944,256
945,128
946,64
947,128
948,128
949,64
950,32
951,64
952,32
953,256
954,128
955,64
956,64
957,256
958,64
959,64
960,256
961,128
962,128
963,64
964,64
965,128
966,128
967,128
968,128
969,64
970,256
971,32
972,128
973,128
974,64
975,64
976,64
977,64
978,128
979,64
980,256
981,32
982,64
983,64
984,128
985,256
986,128
987,128
988,64
989,128
990,256
991,128
992,256
993,64
994,64
995,128
996,64
997,64
998,64
999,64
1000,64
1001,64
1002,128
1003,64
1004,128
1005,128
1006,64
1007,32
1008,64
1009,256
1010,32
1011,64
1012,32
1013,128
1014,64
1015,64
1016,64
1017,128
1018,64
1019,256
1020,128
1021,64
1022,16
1023,256
1024,64
1025,64
1026,128
1027,128
1028,64
1029,256
1030,64
1031,32
1032,64
1033,32
1034,128
1035,128
1036,32
1037,128
1038,32
1039,128
1040,64
1041,64
1042,64
1043,128
1044,32
1045,128
1046,64
1047,128
1048,32
1049,256
1050,128
1051,64
1052,32
1053,128
1054,64
1055,256
1056,64
1057,128
1058,256
1059,128
1060,64
1061,64
1062,128
1063,32
1064,128
1065,128
1066,16
1067,32
1068,128
1069,128
1070,128
1071,128
1072,128
1073,128
1074,64
1075,256
1076,128
1077,128
1078,64
1079,128
1080,64
1081,128
1082,128
1083,64
1084,64
1085,32
1086,128
1087,128
1088,256
1089,128
1090,128
1091,64
1092,128
1093,64
1094,128
1095,64
1096,128
1097,128
1098,256
1099,256
1100,128
1101,128
1102,128
1103,128
1104,256
1105,64
1106,128
1107,128
1108,256
1109,128
1110,64
1111,512
1112,32
1113,128
1114,128
1115,128
1116,128
1117,64
1118,128
1119,512
1120,256
1121,128
1122,128
1123,64
1124,128
1125,128
1126,256
1127,64
1128,128
1129,64
1130,128
1131,128
1132,64
1133,64
1134,128
1135,64
1136,256
1137,128
1138,64
1139,128
1140,32
1141,64
1142,256
1143,128
1144,32
1145,128
1146,256
1147,64
1148,128
1149,128
1150,64
1151,64
1152,64
1153,256
1154,64
1155,64
1156,128
1157,128
1158,16
1159,64
1160,16
1161,64
1162,64
1163,128
1164,32
1165,256
1166,256
1167,256
1168,128
1169,128
1170,256
1171,64
1172,32
1173,256
1174,64
1175,256
1176,128
1177,64
1178,64
1179,64
1180,256
1181,64
1182,128
1183,256
1184,64
1185,64
1186,128
1187,128
1188,64
1189,128
1190,128
1191,128
1192,128
1193,256
1194,128
1195,64
1196,128
1197,128
1198,128
1199,128
1200,128
1201,64
1202,128
1203,64
1204,256
1205,256
1206,64
1207,64
1208,128
1209,64
1210,64
1211,64
1212,128
1213,256
1214,128
1215,64
1216,256
1217,64
1218,256
1219,512
1220,256
1221,256
1222,128
1223,64
1224,64
1225,128
1226,256
1227,64
1228,128
1229,128
1230,256
1231,64
1232,128
1233,64
1234,32
1235,64
1236,32
1237,128
1238,256
1239,64
1240,256
1241,128
1242,32
1243,64
1244,128
1245,128
1246,64
1247,128
1248,128
1249,256
1250,64
1251,32
1252,256
1253,128
1254,64
1255,128
1256,256
1257,64
1258,128
1259,128
1260,128
1261,64
1262,128
1263,128
1264,128
1265,64
1266,128
1267,32
1268,64
1269,128
1270,256
1271,128
1272,32
1273,128
1274,128
1275,64
1276,32
1277,256
1278,128
1279,256
1280,128
1281,128
1282,64
1283,128
1284,256
1285,128
1286,32
1287,128
1288,256
1289,64
1290,64
1291,64
1292,256
1293,16
1294,64
1295,128
1296,128
1297,128
1298,64
1299,256
1300,64
1301,64
1302,128
1303,64
1304,256
1305,64
1306,256
1307,32
1308,16
1309,128
1310,64
1311,64
1312,64
1313,128
1314,64
1315,128
1316,256
1317,512
1318,256
1319,128
1320,64
1321,128
1322,256
1323,256
1324,128
1325,128
1326,128
1327,256
1328,128
1329,256
1330,128
1331,256
1332,64
1333,128
1334,32
1335,256
1336,64
1337,128
1338,16
1339,256
1340,32
1341,256
1342,64
1343,64
1344,256
1345,256
1346,64
1347,256
1348,256
1349,128
1350,128
1351,128
1352,256
1353,64
1354,256
1355,256
1356,128
1357,256
1358,128
1359,128
1360,128
1361,256
1362,256
1363,64
1364,128
1365,128
1366,128
1367,256
1368,128
1369,64
1370,256
1371,256
1372,32
1373,128
1374,128
1375,64
1376,256
1377,128
1378,256
1379,128
1380,128
1381,64
1382,512
1383,256
1384,256
1385,128
1386,64
1387,128
1388,64
1389,64
1390,256
1391,128
1392,128
1393,128
1394,64
1395,128
1396,128
1397,128
1398,64
1399,128
1400,64
1401,64
1402,64
1403,128
1404,128
1405,256
1406,256
1407,64
1408,32
1409,64
1410,64
1411,64
1412,128
1413,128
1414,64
1415,256
1416,64
1417,128
1418,128
1419,128
1420,128
1421,256
1422,256
1423,128
1424,64
1425,64
1426,128
1427,128
1428,128
1429,128
1430,128
1431,128
1432,128
1433,128
1434,256
1435,64
1436,128
1437,128
1438,32
1439,64
1440,128
1441,64
1442,64
1443,64
1444,256
1445,256
1446,256
1447,128
1448,256
1449,256
1450,128
1451,128
1452,64
1453,64
1454,64
1455,128
1456,256
1457,64
1458,64
1459,128
1460,128
1461,256
1462,256
1463,512
1464,256
1465,256
1466,256
1467,256
1468,256
1469,128
1470,256
1471,256
1472,64
1473,128
1474,128
1475,128
1476,128
1477,256
1478,32
1479,128
1480,128
1481,64
1482,256
1483,128
1484,128
1485,64
1486,64
1487,128
1488,32
1489,64
1490,128
1491,32
1492,128
1493,128
1494,128
1495,256
1496,256
1497,256
1498,128
1499,128
1500,256
1501,64
1502,256
1503,256
1504,256
1505,64
1506,256
1507,64
1508,128
1509,128
1510,256
1511,64
1512,128
1513,64
1514,64
1515,128
1516,256
1517,64
1518,128
1519,128
1520,128
1521,128
1522,256
1523,128
1524,32
1525,128
1526,256
1527,64
1528,32
1529,128
1530,256
1531,128
1532,128
1533,256
1534,256
1535,64
1536,128
1537,256
1538,128
1539,32
1540,256
1541,128
1542,128
1543,256
1544,256
1545,512
1546,128
1547,64
1548,64
1549,64
1550,128
1551,128
1552,128
1553,256
1554,64
1555,128
1556,128
1557,256
1558,32
1559,64
1560,32
1561,128
1562,128
1563,256
1564,32
1565,128
1566,128
1567,128
1568,64
1569,128
1570,128
1571,128
1572,128
1573,128
1574,128
1575,256
1576,128
1577,128
1578,128
1579,256
1580,64
1581,256
1582,32
1583,64
1584,128
1585,256
1586,256
1587,64
1588,128
1589,128
1590,32
1591,128
1592,32
1593,256
1594,128
1595,256
1596,128
1597,128
1598,16
1599,32
1600,64
1601,64
1602,128
1603,128
1604,64
1605,128
1606,32
1607,64
1608,128
1609,64
1610,256
1611,64
1612,64
1613,128
1614,128
1615,128
1616,128
1617,64
1618,256
1619,64
1620,64
1621,256
1622,128
1623,128
1624,128
1625,128
1626,256
1627,256
1628,256
1629,256
1630,128
1631,128
1632,128
1633,128
1634,64
1635,256
1636,128
1637,256
1638,128
1639,64
1640,256
1641,64
1642,64
1643,256
1644,64
1645,128
1646,128
1647,64
1648,128
1649,128
1650,256
1651,128
1652,128
1653,128
1654,128
1655,64
1656,128
1657,64
1658,256
1659,64
1660,64
1661,256
1662,128
1663,32
1664,64
1665,128
1666,256
1667,64
1668,512
1669,32
1670,64
1671,256
1672,256
1673,128
1674,256
1675,64
1676,256
1677,64
1678,64
1679,256
1680,64
1681,64
1682,128
1683,128
1684,128
1685,256
1686,64
1687,128
1688,128
1689,128
1690,64
1691,256
1692,256
1693,128
1694,128
1695,128
1696,128
1697,64
1698,256
1699,128
1700,128
1701,128
1702,64
1703,256
1704,64
1705,128
1706,32
1707,256
1708,512
1709,128
1710,256
1711,256
1712,128
1713,128
1714,256
1715,128
1716,256
1717,128
1718,32
1719,64
1720,256
1721,256
1722,128
1723,128
1724,256
1725,256
1726,256
1727,32
1728,256
1729,128
1730,256
1731,256
1732,256
1733,32
1734,128
1735,128
1736,64
1737,128
1738,128
1739,64
1740,256
1741,128
1742,64
1743,256
1744,64
1745,64
1746,64
1747,256
1748,128
1749,128
1750,128
1751,256
1752,256
1753,64
1754,64
1755,128
1756,128
1757,128
1758,256
1759,128
1760,512
1761,128
1762,64
1763,256
1764,64
1765,128
1766,64
1767,128
1768,128
1769,256
1770,64
1771,256
1772,256
1773,256
1774,64
1775,256
1776,256
1777,128
1778,256
1779,128
1780,64
1781,64
1782,256
1783,128
1784,128
1785,64
1786,64
1787,128
1788,128
1789,128
1790,128
1791,256
1792,256
1793,256
1794,128
1795,256
1796,128
1797,64
1798,128
1799,128
1800,128
1801,128
1802,128
1803,64
1804,128
1805,256
1806,64
1807,256
1808,256
1809,128
1810,256
1811,256
1812,128
1813,128
1814,128
1815,64
1816,64
1817,64
1818,64
1819,64
1820,256
1821,256
1822,256
1823,32
1824,128
1825,256
1826,128
1827,128
1828,64
1829,128
1830,64
1831,256
1832,128
1833,256
1834,256
1835,512
1836,128
1837,128
1838,64
1839,32
1840,256
1841,128
1842,256
1843,128
1844,64
1845,256
1846,64
1847,128
1848,128
1849,64
1850,256
1851,256
1852,64
1853,128
1854,256
1855,128
1856,128
1857,512
1858,128
1859,32
1860,128
1861,128
1862,64
1863,256
1864,128
1865,128
1866,256
1867,128
1868,32
1869,32
1870,64
1871,128
1872,128
1873,128
1874,128
1875,256
1876,256
1877,128
1878,256
1879,256
1880,256
1881,64
1882,256
1883,256
1884,256
1885,256
1886,128
1887,128
1888,256
1889,128
1890,128
1891,128
1892,128
1893,128
1894,32
1895,64
1896,128
1897,128
1898,64
1899,256
1900,256
1901,128
1902,128
1903,32
1904,128
1905,64
1906,64
1907,128
1908,256
1909,256
1910,128
1911,256
1912,128
1913,256
1914,32
1915,64
1916,256
1917,256
1918,512
1919,128
1920,256
1921,128
1922,256
1923,64
1924,64
1925,128
1926,128
1927,256
1928,128
1929,128
1930,256
1931,128
1932,256
1933,256
1934,128
1935,256
1936,64
1937,128
1938,128
1939,128
1940,256
1941,64
1942,64
1943,128
1944,128
1945,512
1946,64
1947,256
1948,64
1949,128
1950,128
1951,128
1952,64
1953,256
1954,128
1955,128
1956,128
1957,64
1958,256
1959,128
1960,128
1961,256
1962,128
1963,128
1964,64
1965,256
1966,256
1967,64
1968,256
1969,256
1970,512
1971,64
1972,256
1973,256
1974,128
1975,128
1976,128
1977,64
1978,128
1979,128
1980,64
1981,256
1982,256
1983,64
1984,256
1985,128
1986,64
1987,128
1988,256
1989,256
1990,128
1991,128
1992,256
1993,128
1994,64
1995,64
1996,256
1997,256
1998,128
1999,32
2000,32
2001,32
2002,128
2003,128
2004,64
2005,128
2006,256
2007,256
2008,128
2009,64
2010,64
2011,64
2012,128
2013,256
2014,256
2015,128
2016,256
2017,256
2018,32
2019,128
2020,128
2021,128
2022,256
2023,128
2024,128
2025,128
2026,64
2027,64
2028,128
2029,32
2030,128
2031,64
2032,256
2033,32
2034,64
2035,128
2036,128
2037,32
2038,128
2039,128
2040,128
2041,128
2042,256
2043,64
2044,128
2045,128
2046,256
2047,32
2048,128
2049,128
2050,128
2051,128
2052,256
2053,128
2054,128
2055,256
2056,32
2057,128
2058,128
2059,512
2060,128
2061,256
2062,128
2063,256
2064,128
2065,256
2066,256
2067,256
2068,128
2069,128
2070,256
2071,128
2072,128
2073,64
2074,256
2075,256
2076,64
2077,256
2078,128
2079,128
2080,128
2081,32
2082,256
2083,256
2084,512
2085,64
2086,128
2087,256
2088,512
2089,128
2090,64
2091,256
2092,256
2093,128
2094,64
2095,256
2096,256
2097,128
2098,256
2099,128
2100,512
2101,128
2102,256
2103,256
2104,128
2105,256
2106,64
2107,128
2108,128
2109,64
2110,128
2111,128
2112,256
2113,128
2114,128
2115,512
2116,128
2117,128
2118,64
2119,128
2120,128
2121,128
2122,256
2123,32
2124,128
2125,128
2126,256
2127,128
2128,128
2129,64
2130,128
2131,128
2132,256
2133,256
2134,128
2135,32
2136,256
2137,256
2138,128
2139,128
2140,128
2141,128
2142,128
2143,256
2144,128
2145,128
2146,512
2147,128
2148,128
2149,128
2150,128
2151,64
2152,32
2153,256
2154,256
2155,256
2156,128
2157,64
2158,128
2159,256
2160,128
2161,256
2162,256
2163,64
2164,256
2165,64
2166,256
2167,256
2168,128
2169,64
2170,128
2171,256
2172,256
2173,256
2174,256
2175,256
2176,256
2177,128
2178,128
2179,64
2180,128
2181,512
2182,256
2183,128
2184,256
2185,256
2186,128
2187,128
2188,256
2189,256
2190,512
2191,256
2192,256
2193,256
2194,128
2195,64
2196,16
2197,128
2198,256
2199,128
2200,64
2201,256
2202,128
2203,128
2204,256
2205,512
2206,256
2207,128
2208,64
2209,128
2210,512
2211,256
2212,512
2213,128
2214,256
2215,64
2216,128
2217,256
2218,256
2219,256
2220,128
2221,128
2222,256
2223,128
2224,64
2225,128
2226,64
2227,256
2228,256
2229,64
2230,128
2231,128
2232,256
2233,256
2234,256
2235,128
2236,128
2237,256
2238,128
2239,256
2240,128
2241,64
2242,128
2243,128
2244,256
2245,256
2246,64
2247,128
2248,256
2249,128
2250,128
2251,256
2252,128
2253,64
2254,64
2255,256
2256,128
2257,512
2258,512
2259,64
2260,256
2261,256
2262,256
2263,64
2264,128
2265,256
2266,64
2267,512
2268,64
2269,256
2270,128
2271,512
2272,32
2273,256
2274,64
2275,256
2276,512
2277,512
2278,256
2279,64
2280,128
2281,256
2282,128
2283,128
2284,128
2285,64
2286,128
2287,128
2288,256
2289,64
2290,64
2291,128
2292,256
2293,64
2294,128
2295,128
2296,128
2297,128
2298,128
2299,64
2300,256
2301,256
2302,128
2303,128
2304,512
2305,256
2306,256
2307,256
2308,256
2309,128
2310,256
2311,256
2312,256
2313,128
2314,256
2315,128
2316,256
2317,256
2318,512
2319,256
2320,256
2321,128
2322,256
2323,256
2324,256
2325,64
2326,256
2327,256
2328,256
2329,128
2330,256
2331,128
2332,128
2333,64
2334,128
2335,64
2336,256
2337,128
2338,256
2339,64
2340,32
2341,256
2342,128
2343,256
2344,256
2345,32
2346,128
2347,128
2348,512
2349,256
2350,256
2351,256
2352,512
2353,64
2354,256
2355,128
2356,64
2357,128
2358,256
2359,128
2360,128
2361,64
2362,256
2363,256
2364,128
2365,128
2366,128
2367,256
2368,256
2369,128
2370,256
2371,16
2372,128
2373,256
2374,128
2375,256
2376,128
2377,64
2378,32
2379,64
2380,128
2381,256
2382,256
2383,256
2384,128
2385,128
2386,256
2387,128
2388,128
2389,256
2390,128
2391,64
2392,128
2393,128
2394,128
2395,128
2396,128
2397,64
2398,128
2399,256
2400,256
2401,256
2402,32
2403,256
2404,64
2405,128
2406,128
2407,64
2408,128
2409,256
2410,128
2411,256
2412,128
2413,32
2414,128
2415,256
2416,128
2417,32
2418,256
2419,128
2420,256
2421,256
2422,32
2423,64
2424,128
2425,64
2426,256
2427,256
2428,128
2429,256
2430,256
2431,256
2432,256
2433,256
2434,128
2435,256
2436,128
2437,256
2438,128
2439,64
2440,256
2441,512
2442,256
2443,256
2444,128
2445,16
2446,128
2447,128
2448,128
2449,256
2450,128
2451,32
2452,256
2453,128
2454,128
2455,128
2456,256
2457,64
2458,512
2459,64
2460,128
2461,256
2462,128
2463,256
2464,128
2465,64
2466,128
2467,128
2468,64
2469,256
2470,256
2471,128
2472,256
2473,512
2474,256
2475,256
2476,128
2477,256
2478,64
2479,64
2480,256
2481,512
2482,128
2483,128
2484,256
2485,128
2486,256
2487,256
2488,256
2489,128
2490,128
2491,128
2492,128
2493,64
2494,128
2495,128
2496,128
2497,128
2498,128
2499,256
2500,128
2501,256
2502,128
2503,128
2504,128
2505,256
2506,128
2507,128
2508,128
2509,128
2510,256
2511,256
2512,256
2513,256
2514,128
2515,256
2516,256
2517,512
2518,256
2519,128
2520,64
2521,256
2522,256
2523,128
2524,256
2525,256
2526,64
2527,128
2528,128
2529,16
2530,128
2531,256
2532,128
2533,256
2534,128
2535,128
2536,256
2537,64
2538,256
2539,64
2540,16
2541,64
2542,128
2543,128
2544,64
2545,256
2546,64
2547,128
2548,128
2549,64
2550,256
2551,256
2552,64
2553,128
2554,256
2555,128
2556,128
2557,256
2558,64
2559,256
2560,256
2561,256
2562,512
2563,128
2564,128
2565,256
2566,256
2567,256
2568,128
2569,512
2570,128
2571,256
2572,128
2573,128
2574,128
2575,128
2576,128
2577,128
2578,256
2579,128
2580,256
2581,128
2582,256
2583,128
2584,256
2585,256
2586,128
2587,512
2588,128
2589,512
2590,256
2591,256
2592,128
2593,512
2594,64
2595,256
2596,256
2597,128
2598,256
2599,128
2600,128
2601,256
2602,256
2603,64
2604,128
2605,128
2606,128
2607,128
2608,256
2609,128
2610,128
2611,256
2612,128
2613,128
2614,256
2615,256
2616,256
2617,256
2618,128
2619,32
2620,256
2621,128
2622,128
2623,256
2624,32
2625,256
2626,128
2627,64
2628,256
2629,128
2630,128
2631,512
2632,512
2633,128
2634,128
2635,128
2636,256
2637,128
2638,128
2639,512
2640,64
2641,256
2642,32
2643,128
2644,256
2645,128
2646,256
2647,512
2648,256
2649,256
2650,128
2651,128
2652,256
2653,128
2654,256
2655,512
2656,256
2657,128
2658,128
2659,256
2660,128
2661,256
2662,128
2663,128
2664,128
2665,256
2666,256
2667,256
2668,64
2669,256
2670,128
2671,256
2672,256
2673,256
2674,64
2675,64
2676,128
2677,256
2678,256
2679,256
2680,256
2681,256
2682,128
2683,64
2684,256
2685,64
2686,64
2687,32
2688,128
2689,256
2690,128
2691,512
2692,128
2693,256
2694,512
2695,128
2696,128
2697,64
2698,512
2699,256
2700,128
2701,256
2702,256
2703,256
2704,256
2705,256
2706,256
2707,128
2708,64
2709,128
2710,512
2711,512
2712,128
2713,256
2714,128
2715,32
2716,64
2717,128
2718,256
2719,256
2720,256
2721,128
2722,256
2723,128
2724,256
2725,256
2726,256
2727,256
2728,256
2729,64
2730,256
2731,256
2732,128
2733,64
2734,256
2735,16
2736,128
2737,256
2738,128
2739,256
2740,256
2741,64
2742,128
2743,128
2744,256
2745,128
2746,256
2747,256
2748,256
2749,64
2750,128
2751,256
2752,128
2753,128
2754,256
2755,256
2756,512
2757,512
2758,64
2759,256
2760,256
2761,256
2762,256
2763,256
2764,128
2765,256
2766,128
2767,256
2768,128
2769,128
2770,512
2771,256
2772,256
2773,128
2774,128
2775,128
2776,256
2777,128
2778,256
2779,256
2780,256
2781,256
2782,256
2783,128
2784,256
2785,256
2786,512
2787,256
2788,128
2789,128
2790,512
2791,256
2792,128
2793,64
2794,512
2795,128
2796,512
2797,128
2798,256
2799,128
2800,128
2801,256
2802,128
2803,256
2804,256
2805,128
2806,128
2807,64
2808,256
2809,256
2810,64
2811,256
2812,256
2813,64
2814,64
2815,256
2816,256
2817,256
2818,256
2819,128
2820,512
2821,32
2822,256
2823,256
2824,256
2825,64
2826,256
2827,64
2828,256
2829,64
2830,128
2831,128
2832,256
2833,256
2834,512
2835,256
2836,128
2837,256
2838,256
2839,256
2840,64
2841,256
2842,128
2843,256
2844,256
2845,256
2846,512
2847,128
2848,128
2849,64
2850,128
2851,512
2852,128
2853,128
2854,256
2855,128
2856,256
2857,512
2858,128
2859,128
2860,32
2861,256
2862,256
2863,256
2864,256
2865,128
2866,128
2867,128
2868,64
2869,512
2870,256
2871,256
2872,512
2873,512
2874,64
2875,512
2876,256
2877,256
2878,256
2879,64
2880,256
2881,256
2882,256
2883,256
2884,128
2885,128
2886,256
2887,256
2888,128
2889,256
2890,512
2891,512
2892,256
2893,256
2894,512
2895,128
2896,256
2897,128
2898,128
2899,128
2900,256
2901,128
2902,256
2903,256
2904,128
2905,512
2906,256
2907,128
2908,512
2909,128
2910,64
2911,64
2912,256
2913,256
2914,32
2915,128
2916,512
2917,256
2918,128
2919,128
2920,128
2921,128
2922,64
2923,128
2924,256
2925,256
2926,256
2927,256
2928,128
2929,256
2930,512
2931,512
2932,128
2933,128
2934,128
2935,256
2936,64
2937,64
2938,256
2939,256
2940,256
2941,512
2942,256
2943,32
2944,128
2945,256
2946,256
2947,128
2948,128
2949,64
2950,128
2951,128
2952,512
2953,256
2954,128
2955,128
2956,256
2957,256
2958,256
2959,128
2960,128
2961,128
2962,128
2963,128
2964,128
2965,64
2966,64
2967,128
2968,256
2969,128
2970,128
2971,512
2972,256
2973,128
2974,256
2975,128
2976,256
2977,32
2978,256
2979,128
2980,128
2981,128
2982,128
2983,256
2984,256
2985,256
2986,128
2987,128
2988,256
2989,128
2990,128
2991,256
2992,128
2993,512
2994,128
2995,32
2996,256
2997,512
2998,256
2999,256
3000,128
3001,128
3002,256
3003,256
3004,256
3005,128
3006,256
3007,128
3008,256
3009,128
3010,256
3011,128
3012,512
3013,128
3014,256
3015,256
3016,256
3017,128
3018,128
3019,128
3020,64
3021,256
3022,128
3023,128
3024,256
3025,256
3026,128
3027,512
3028,128
3029,128
3030,128
3031,256
3032,256
3033,256
3034,64
3035,256
3036,256
3037,256
3038,256
3039,128
3040,256
3041,256
3042,128
3043,128
3044,256
3045,128
3046,256
3047,256
3048,256
3049,128
3050,512
3051,128
3052,128
3053,256
3054,128
3055,256
3056,128
3057,256
3058,256
3059,512
3060,256
3061,256
3062,256
3063,256
3064,256
3065,128
3066,256
3067,128
3068,256
3069,64
3070,512
3071,256
3072,128
3073,128
3074,256
3075,128
3076,128
3077,512
3078,128
3079,256
3080,256
3081,128
3082,128
3083,256
3084,128
3085,64
3086,128
3087,256
3088,128
3089,256
3090,512
3091,64
3092,512
3093,256
3094,512
3095,256
3096,256
3097,128
3098,128
3099,128
3100,256
3101,128
3102,256
3103,256
3104,512
3105,64
3106,512
3107,128
3108,256
3109,256
3110,128
3111,512
3112,512
3113,128
3114,128
3115,128
3116,128
3117,256
3118,128
3119,256
3120,256
3121,128
3122,256
3123,128
3124,256
3125,512
3126,128
3127,256
3128,256
3129,256
3130,128
3131,256
3132,256
3133,256
3134,512
3135,128
3136,256
3137,256
3138,256
3139,256
3140,128
3141,256
3142,512
3143,256
3144,256
3145,256
3146,256
3147,256
3148,256
3149,128
3150,512
3151,256
3152,256
3153,512
3154,128
3155,256
3156,256
3157,256
3158,512
3159,256
3160,256
3161,256
3162,256
3163,256
3164,256
3165,512
3166,256
3167,256
3168,512
3169,256
3170,128
3171,512
3172,128
3173,256
3174,128
3175,256
3176,512
3177,128
3178,512
3179,256
3180,256
3181,128
3182,256
3183,512
3184,256
3185,64
3186,256
3187,128
3188,512
3189,256
3190,256
3191,32
3192,256
3193,256
3194,128
3195,256
3196,256
3197,256
3198,128
3199,512
3200,512
3201,512
3202,256
3203,512
3204,256
3205,512
3206,128
3207,128
3208,512
3209,512
3210,128
3211,128
3212,256
3213,128
3214,256
3215,128
3216,256
3217,64
3218,32
3219,256
3220,128
3221,512
3222,256
3223,128
3224,256
3225,256
3226,256
3227,128
3228,128
3229,512
3230,256
3231,256
3232,512
3233,128
3234,256
3235,128
3236,256
3237,512
3238,256
3239,1024
3240,128
3241,256
3242,256
3243,512
3244,256
3245,256
3246,512
3247,256
3248,512
3249,256
3250,128
3251,128
3252,256
3253,256
3254,128
3255,256
3256,512
3257,512
3258,128
3259,512
3260,128
3261,128
3262,128
3263,256
3264,256
3265,128
3266,128
3267,512
3268,256
3269,256
3270,128
3271,128
3272,256
3273,256
3274,64
3275,128
3276,128
3277,512
3278,128
3279,256
3280,256
3281,128
3282,256
3283,256
3284,256
3285,128
3286,256
3287,256
3288,256
3289,512
3290,256
3291,256
3292,256
3293,256
3294,256
3295,256
3296,256
3297,128
3298,256
3299,512
3300,256
3301,256
3302,512
3303,512
3304,256
3305,512
3306,128
3307,128
3308,512
3309,128
3310,64
3311,256
3312,128
3313,256
3314,256
3315,256
3316,512
3317,256
3318,256
3319,512
3320,128
3321,128
3322,256
3323,512
3324,256
3325,128
3326,256
3327,256
3328,256
3329,256
3330,512
3331,128
3332,256
3333,128
3334,512
3335,128
3336,256
3337,64
3338,256
3339,512
3340,256
3341,256
3342,128
3343,256
3344,128
3345,128
3346,128
3347,128
3348,256
3349,512
3350,512
3351,128
3352,128
3353,128
3354,64
3355,256
3356,256
3357,256
3358,512
3359,256
3360,128
3361,512
3362,256
3363,256
3364,256
3365,256
3366,256
3367,512
3368,512
3369,128
3370,256
3371,128
3372,128
3373,256
3374,512
3375,256
3376,128
3377,64
3378,256
3379,64
3380,128
3381,256
3382,512
3383,256
3384,512
3385,64
3386,128
3387,512
3388,512
3389,256
3390,256
3391,512
3392,256
3393,512
3394,256
3395,512
3396,512
3397,256
3398,128
3399,256
3400,512
3401,512
3402,128
3403,256
3404,256
3405,512
3406,256
3407,256
3408,256
3409,128
3410,128
3411,512
3412,128
3413,256
3414,512
3415,256
3416,256
3417,256
3418,128
3419,256
3420,256
3421,256
3422,128
3423,64
3424,256
3425,512
3426,128
3427,512
3428,512
3429,128
3430,256
3431,512
3432,256
3433,512
3434,128
3435,256
3436,512
3437,256
3438,512
3439,256
3440,128
3441,64
3442,512
3443,128
3444,256
3445,512
3446,512
3447,512
3448,128
3449,128
3450,256
3451,256
3452,256
3453,256
3454,256
3455,128
3456,256
3457,128
3458,512
3459,128
3460,256
3461,256
3462,128
3463,128
3464,256
3465,256
3466,256
3467,256
3468,256
3469,256
3470,512
3471,256
3472,128
3473,256
3474,256
3475,256
3476,512
3477,512
3478,256
3479,128
3480,512
3481,64
3482,512
3483,256
3484,512
3485,256
3486,256
3487,256
3488,64
3489,256
3490,512
3491,256
3492,64
3493,256
3494,256
3495,256
3496,256
3497,128
3498,256
3499,256
3500,256
3501,256
3502,256
3503,64
3504,512
3505,256
3506,512
3507,128
3508,128
3509,128
3510,256
3511,256
3512,512
3513,512
3514,256
3515,64
3516,128
3517,64
3518,256
3519,256
3520,256
3521,256
3522,256
3523,512
3524,128
3525,64
3526,256
3527,256
3528,128
3529,512
3530,256
3531,256
3532,128
3533,512
3534,512
3535,256
3536,256
3537,128
3538,512
3539,256
3540,256
3541,256
3542,128
3543,128
3544,512
3545,256
3546,256
3547,512
3548,256
3549,64
3550,256
3551,256
3552,256
3553,128
3554,256
3555,512
3556,256
3557,256
3558,128
3559,256
3560,256
3561,128
3562,128
3563,128
3564,512
3565,256
3566,512
3567,512
3568,512
3569,256
3570,512
3571,256
3572,256
3573,128
3574,512
3575,256
3576,256
3577,256
3578,512
3579,128
3580,256
3581,256
3582,512
3583,256
3584,256
3585,256
3586,128
3587,256
3588,256
3589,256
3590,512
3591,64
3592,512
3593,256
3594,128
3595,256
3596,256
3597,1024
3598,128
3599,256
3600,256
3601,256
3602,256
3603,128
3604,128
3605,128
3606,256
3607,256
3608,32
3609,128
3610,256
3611,256
3612,256
3613,256
3614,32
3615,256
3616,512
3617,128
3618,128
3619,256
3620,512
3621,128
3622,256
3623,256
3624,256
3625,128
3626,256
3627,128
3628,256
3629,256
3630,128
3631,256
3632,256
3633,64
3634,256
3635,128
3636,64
3637,256
3638,256
3639,128
3640,128
3641,256
3642,128
3643,256
3644,64
3645,128
3646,128
3647,256
3648,128
3649,128
3650,256
3651,256
3652,256
3653,128
3654,128
3655,256
3656,256
3657,512
3658,256
3659,512
3660,512
3661,64
3662,256
3663,256
3664,256
3665,512
3666,128
3667,512
3668,512
3669,512
3670,1024
3671,128
3672,256
3673,128
3674,256
3675,512
3676,128
3677,256
3678,256
3679,128
3680,256
3681,512
3682,512
3683,256
3684,256
3685,256
3686,256
3687,512
3688,1024
3689,512
3690,512
3691,512
3692,256
3693,64
3694,256
3695,128
3696,128
3697,512
3698,256
3699,256
3700,512
3701,512
3702,512
3703,512
3704,256
3705,256
3706,64
3707,256
3708,256
3709,256
3710,512
3711,512
3712,256
3713,128
3714,512
3715,256
3716,256
3717,128
3718,512
3719,128
3720,512
3721,512
3722,256
3723,256
3724,256
3725,128
3726,128
3727,128
3728,128
3729,256
3730,256
3731,128
3732,128
3733,512
3734,256
3735,256
3736,256
3737,512
3738,512
3739,128
3740,256
3741,256
3742,512
3743,128
3744,256
3745,512
3746,256
3747,256
3748,256
3749,256
3750,512
3751,128
3752,512
3753,128
3754,256
3755,128
3756,128
3757,512
3758,128
3759,256
3760,512
3761,128
3762,256
3763,256
3764,256
3765,512
3766,256
3767,256
3768,512
3769,256
3770,128
3771,512
3772,512
3773,64
3774,256
3775,128
3776,512
3777,512
3778,128
3779,128
3780,128
3781,256
3782,128
3783,128
3784,512
3785,512
3786,128
3787,128
3788,256
3789,32
3790,32
3791,256
3792,256
3793,256
3794,512
3795,128
3796,256
3797,256
3798,256
3799,128
3800,128
3801,256
3802,256
3803,256
3804,128
3805,512
3806,256
3807,256
3808,256
3809,512
3810,64
3811,256
3812,512
3813,128
3814,256
3815,256
3816,128
3817,256
3818,64
3819,512
3820,256
3821,256
3822,256
3823,256
3824,256
3825,256
3826,256
3827,128
3828,256
3829,256
3830,128
3831,256
3832,512
3833,256
3834,256
3835,512
3836,128
3837,256
3838,512
3839,256
3840,256
3841,512
3842,128
3843,256
3844,256
3845,256
3846,128
3847,128
3848,512
3849,128
3850,128
3851,512
3852,128
3853,256
3854,256
3855,256
3856,128
3857,512
3858,256
3859,512
3860,128
3861,512
3862,128
3863,256
3864,128
3865,256
3866,256
3867,512
3868,256
3869,256
3870,512
3871,256
3872,512
3873,512
3874,256
3875,256
3876,512
3877,128
3878,256
3879,512
3880,512
3881,256
3882,256
3883,512
3884,512
3885,128
3886,256
3887,512
3888,512
3889,256
3890,128
3891,256
3892,256
3893,128
3894,512
3895,256
3896,256
3897,256
3898,512
3899,128
3900,128
3901,256
3902,256
3903,256
3904,128
3905,128
3906,128
3907,128
3908,256
3909,128
3910,512
3911,128
3912,512
3913,64
3914,256
3915,256
3916,256
3917,256
3918,256
3919,256
3920,256
3921,512
3922,512
3923,256
3924,256
3925,128
3926,128
3927,256
3928,256
3929,512
3930,512
3931,128
3932,256
3933,256
3934,128
3935,256
3936,128
3937,256
3938,512
3939,64
3940,256
3941,128
3942,128
3943,512
3944,128
3945,256
3946,256
3947,64
3948,512
3949,512
3950,256
3951,256
3952,256
3953,128
3954,256
3955,64
3956,256
3957,256
3958,64
3959,256
3960,256
3961,128
3962,256
3963,512
3964,256
3965,256
3966,512
3967,512
3968,256
3969,512
3970,512
3971,256
3972,256
3973,64
3974,512
3975,512
3976,128
3977,256
3978,256
3979,128
3980,256
3981,256
3982,128
3983,512
3984,256
3985,512
3986,256
3987,256
3988,64
3989,256
3990,256
3991,256
3992,256
3993,256
3994,128
3995,128
3996,512
3997,256
3998,128
3999,512
4000,512
4001,128
4002,256
4003,128
4004,512
4005,512
4006,256
4007,256
4008,512
4009,256
4010,256
4011,256
4012,128
4013,256
4014,256
4015,512
4016,256
4017,256
4018,512
4019,512
4020,256
4021,512
4022,128
4023,256
4024,512
4025,512
4026,256
4027,256
4028,256
4029,256
4030,256
4031,512
4032,256
4033,512
4034,128
4035,256
4036,256
4037,128
4038,512
4039,512
4040,128
4041,512
4042,128
4043,256
4044,128
4045,256
4046,128
4047,256
4048,256
4049,256
4050,256
4051,512
4052,256
4053,256
4054,512
4055,512
4056,512
4057,256
4058,128
4059,256
4060,128
4061,256
4062,512
4063,512
4064,512
4065,128
4066,256
4067,256
4068,128
4069,256
4070,256
4071,512
4072,256
4073,128
4074,512
4075,512
4076,512
4077,256
4078,512
4079,256
4080,64
4081,256
4082,64
4083,128
4084,64
4085,512
4086,256
4087,512
4088,256
4089,64
4090,512
4091,256
4092,128
4093,256
4094,512
4095,256
4096,256
4097,128
4098,256
4099,256
4100,256
4101,32
4102,512
4103,128
4104,512
4105,256
4106,256
4107,256
4108,128
4109,128
4110,512
4111,256
4112,64
4113,128
4114,256
4115,256
4116,256
4117,512
4118,128
4119,64
4120,256
4121,512
4122,64
4123,128
4124,512
4125,256
4126,128
4127,512
4128,256
4129,128
4130,512
4131,64
4132,256
4133,256
4134,256
4135,256
4136,1024
4137,256
4138,128
4139,256
4140,128
4141,256
4142,128
4143,512
4144,256
4145,512
4146,256
4147,256
4148,512
4149,256
4150,128
4151,128
4152,256
4153,512
4154,512
4155,512
4156,256
4157,256
4158,256
4159,128
4160,256
4161,256
4162,128
4163,256
4164,128
4165,32
4166,256
4167,128
4168,128
4169,512
4170,128
4171,256
4172,128
4173,256
4174,256
4175,256
4176,1024
4177,512
4178,256
4179,512
4180,128
4181,256
4182,512
4183,512
4184,512
4185,512
4186,512
4187,256
4188,512
4189,256
4190,512
4191,256
4192,512
4193,512
4194,128
4195,256
4196,256
4197,256
4198,128
4199,512
4200,512
4201,256
4202,128
4203,256
4204,128
4205,512
4206,512
4207,512
4208,512
4209,512
4210,128
4211,256
4212,512
4213,128
4214,128
4215,256
4216,256
4217,256
4218,128
4219,128
4220,256
4221,256
4222,256
4223,512
4224,128
4225,128
4226,128
4227,512
4228,256
4229,128
4230,128
4231,128
4232,256
4233,128
4234,256
4235,256
4236,512
4237,64
4238,256
4239,512
4240,256
4241,256
4242,512
4243,256
4244,256
4245,64
4246,128
4247,512
4248,128
4249,512
4250,256
4251,512
4252,512
4253,512
4254,128
4255,256
4256,512
4257,256
4258,512
4259,512
4260,128
4261,128
4262,256
4263,256
4264,64
4265,128
4266,512
4267,512
4268,512
4269,512
4270,256
4271,512
4272,256
4273,256
4274,128
4275,64
4276,256
4277,512
4278,256
4279,256
4280,512
4281,256
4282,256
4283,128
4284,256
4285,128
4286,256
4287,256
4288,256
4289,512
4290,128
4291,512
4292,256
4293,512
4294,256
4295,512
4296,256
4297,256
4298,512
4299,256
4300,128
4301,512
4302,128
4303,128
4304,256
4305,512
4306,256
4307,512
4308,256
4309,256
4310,512
4311,256
4312,128
4313,128
4314,256
4315,256
4316,512
4317,256
4318,512
4319,64
4320,128
4321,256
4322,256
4323,256
4324,512
4325,512
4326,256
4327,128
4328,128
4329,256
4330,256
4331,256
4332,256
4333,128
4334,512
4335,128
4336,32
4337,256
4338,256
4339,256
4340,128
4341,256
4342,256
4343,128
4344,64
4345,256
4346,512
4347,512
4348,512
4349,256
4350,64
4351,256
4352,128
4353,256
4354,128
4355,512
4356,512
4357,512
4358,512
4359,128
4360,512
4361,512
4362,128
4363,128
4364,512
4365,256
4366,512
4367,256
4368,1024
4369,128
4370,128
4371,256
4372,256
4373,256
4374,128
4375,512
4376,128
4377,256
4378,256
4379,128
4380,256
4381,256
4382,128
4383,512
4384,1024
4385,256
4386,256
4387,512
4388,1024
4389,256
4390,512
4391,256
4392,256
4393,256
4394,256
4395,64
4396,128
4397,64
4398,512
4399,128
4400,512
4401,128
4402,256
4403,512
4404,256
4405,512
4406,256
4407,256
4408,512
4409,512
4410,128
4411,256
4412,1024
4413,256
4414,128
4415,64
4416,256
4417,128
4418,256
4419,256
4420,512
4421,128
4422,128
4423,256
4424,256
4425,512
4426,512
4427,256
4428,512
4429,128
4430,512
4431,256
4432,256
4433,512
4434,128
4435,512
4436,512
4437,512
4438,256
4439,128
4440,512
4441,256
4442,256
4443,256
4444,512
4445,512
4446,512
4447,128
4448,512
4449,512
4450,512
4451,512
4452,128
4453,256
4454,512
4455,256
4456,256
4457,512
4458,256
4459,256
4460,256
4461,256
4462,512
4463,128
4464,256
4465,64
4466,256
4467,256
4468,128
4469,256
4470,256
4471,512
4472,128
4473,128
4474,512
4475,512
4476,256
4477,256
4478,128
4479,256
4480,256
4481,256
4482,256
4483,512
4484,128
4485,256
4486,256
4487,128
4488,256
4489,512
4490,64
4491,128
4492,256
4493,128
4494,256
4495,256
4496,256
4497,128
4498,256
4499,256
4500,512
4501,512
4502,256
4503,256
4504,512
4505,256
4506,512
4507,512
4508,256
4509,128
4510,512
4511,256
4512,512
4513,256
4514,128
4515,512
4516,128
4517,128
4518,512
4519,128
4520,64
4521,256
4522,256
4523,512
4524,256
4525,256
4526,64
4527,512
4528,256
4529,512
4530,64
4531,256
4532,512
4533,256
4534,64
4535,128
4536,256
4537,256
4538,256
4539,512
4540,256
4541,512
4542,256
4543,256
4544,128
4545,512
4546,256
4547,512
4548,128
4549,256
4550,128
4551,256
4552,512
4553,256
4554,512
4555,256
4556,256
4557,512
4558,512
4559,128
4560,256
4561,512
4562,512
4563,128
4564,128
4565,512
4566,512
4567,512
4568,512
4569,512
4570,256
4571,512
4572,256
4573,256
4574,512
4575,128
4576,128
4577,512
4578,256
4579,256
4580,512
4581,256
4582,512
4583,512
4584,256
4585,256
4586,128
4587,512
4588,512
4589,512
4590,128
4591,512
4592,256
4593,512
4594,256
4595,512
4596,128
4597,1024
4598,256
4599,128
4600,128
4601,128
4602,256
4603,128
4604,128
4605,512
4606,256
4607,128
4608,512
4609,256
4610,256
4611,256
4612,256
4613,512
4614,256
4615,512
4616,128
4617,256
4618,128
4619,256
4620,512
4621,256
4622,128
4623,128
4624,256
4625,512
4626,256
4627,256
4628,256
4629,512
4630,256
4631,256
4632,256
4633,256
4634,256
4635,256
4636,256
4637,512
4638,256
4639,256
4640,128
4641,256
4642,512
4643,256
4644,256
4645,256
4646,256
4647,256
4648,128
4649,256
4650,256
4651,256
4652,256
4653,256
4654,256
4655,64
4656,256
4657,256
4658,256
4659,256
4660,512
4661,256
4662,512
4663,512
4664,256
4665,256
4666,512
4667,128
4668,256
4669,128
4670,256
4671,512
4672,512
4673,512
4674,512
4675,256
4676,512
4677,64
4678,64
4679,256
4680,512
4681,128
4682,256
4683,512
4684,256
4685,128
4686,256
4687,256
4688,128
4689,256
4690,64
4691,64
4692,256
4693,256
4694,64
4695,512
4696,64
4697,64
4698,128
4699,512
4700,256
4701,256
4702,256
4703,512
4704,256
4705,128
4706,512
4707,256
4708,256
4709,256
4710,256
4711,256
4712,64
4713,512
4714,512
4715,512
4716,512
4717,256
4718,256
4719,256
4720,512
4721,128
4722,512
4723,512
4724,256
4725,256
4726,256
4727,128
4728,128
4729,256
4730,512
4731,256
4732,512
4733,256
4734,256
4735,1024
4736,256
4737,256
4738,32
4739,512
4740,128
4741,256
4742,512
4743,512
4744,128
4745,128
4746,512
4747,512
4748,64
4749,256
4750,512
4751,64
4752,256
4753,256
4754,256
4755,256
4756,256
4757,256
4758,256
4759,256
4760,128
4761,256
4762,256
4763,512
4764,256
4765,256
4766,128
4767,512
4768,256
4769,256
4770,128
4771,256
4772,128
4773,256
4774,128
4775,256
4776,256
4777,256
4778,512
4779,256
4780,1024
4781,256
4782,128
4783,512
4784,256
4785,512
4786,256
4787,256
4788,256
4789,256
4790,256
4791,512
4792,256
4793,512
4794,256
4795,256
4796,512
4797,256
4798,256
4799,256
4800,512
4801,128
4802,512
4803,128
4804,512
4805,256
4806,256
4807,512
4808,256
4809,128
4810,512
4811,512
4812,128
4813,512
4814,128
4815,256
4816,256
4817,128
4818,256
4819,128
4820,256
4821,512
4822,256
4823,128
4824,256
4825,512
4826,256
4827,512
4828,256
4829,128
4830,512
4831,128
4832,512
4833,512
4834,512
4835,64
4836,512
4837,512
4838,512
4839,256
4840,64
4841,256
4842,256
4843,128
4844,128
4845,128
4846,512
4847,256
4848,128
4849,512
4850,128
4851,256
4852,64
4853,256
4854,512
4855,128
4856,512
4857,512
4858,256
4859,256
4860,128
4861,256
4862,64
4863,256
4864,256
4865,128
4866,512
4867,256
4868,128
4869,256
4870,256
4871,128
4872,256
4873,256
4874,256
4875,64
4876,256
4877,512
4878,1024
4879,128
4880,512
4881,128
4882,256
4883,128
4884,128
4885,128
4886,256
4887,256
4888,512
4889,512
4890,128
4891,64
4892,256
4893,128
4894,256
4895,256
4896,256
4897,32
4898,256
4899,256
4900,64
4901,512
4902,256
4903,256
4904,128
4905,512
4906,512
4907,512
4908,512
4909,64
4910,128
4911,128
4912,128
4913,1024
4914,128
4915,256
4916,256
4917,128
4918,128
4919,64
4920,512
4921,256
4922,256
4923,128
4924,512
4925,1024
4926,512
4927,256
4928,512
4929,128
4930,512
4931,256
4932,256
4933,512
4934,256
4935,128
4936,256
4937,512
4938,256
4939,512
4940,128
4941,128
4942,256
4943,256
4944,512
4945,256
4946,256
4947,256
4948,128
4949,256
4950,128
4951,256
4952,256
4953,256
4954,512
4955,64
4956,512
4957,512
4958,256
4959,256
4960,512
4961,256
4962,512
4963,512
4964,256
4965,512
4966,512
4967,256
4968,512
4969,128
4970,256
4971,512
4972,256
4973,256
4974,64
4975,256
4976,256
4977,256
4978,256
4979,256
4980,256
4981,256
4982,256
4983,64
4984,512
4985,512
4986,128
4987,128
4988,256
4989,256
4990,256
4991,256
4992,512
4993,512
4994,256
4995,128
4996,256
4997,512
4998,128
4999,512
5000,128
5001,256
5002,128
5003,128
5004,256
5005,256
5006,256
5007,1024
5008,128
5009,1024
5010,256
5011,512
5012,256
5013,512
5014,256
5015,128
5016,256
5017,256
5018,512
5019,512
5020,256
5021,512
5022,256
5023,128
5024,512
5025,512
5026,256
5027,128
5028,64
5029,256
5030,512
5031,512
5032,64
5033,256
5034,512
5035,256
5036,256
5037,512
5038,512
5039,256
5040,256
5041,64
5042,256
5043,128
5044,256
5045,256
5046,256
5047,512
5048,512
5049,256
5050,128
5051,128
5052,512
5053,128
5054,512
5055,512
5056,256
5057,256
5058,256
5059,128
5060,512
5061,512
5062,256
5063,256
5064,128
5065,256
5066,256
5067,128
5068,128
5069,256
5070,512
5071,512
5072,128
5073,128
5074,256
5075,256
5076,256
5077,256
5078,128
5079,512
5080,64
5081,1024
5082,256
5083,256
5084,256
5085,512
5086,256
5087,512
5088,256
5089,128
5090,256
5091,256
5092,128
5093,512
5094,512
5095,128
5096,512
5097,128
5098,256
5099,128
5100,256
5101,512
5102,128
5103,256
5104,512
5105,128
5106,64
5107,128
5108,256
5109,128
5110,256
5111,512
5112,256
5113,256
5114,512
5115,128
5116,128
5117,64
5118,128
5119,512
5120,256
5121,256
5122,256
5123,512
5124,256
5125,512
5126,256
5127,128
5128,512
5129,128
5130,256
5131,512
5132,256
5133,128
5134,512
5135,128
5136,256
5137,256
5138,512
5139,512
5140,128
5141,256
5142,64
5143,256
5144,256
5145,256
5146,512
5147,64
5148,512
5149,256
5150,128
5151,128
5152,512
5153,512
5154,128
5155,512
5156,512
5157,128
5158,512
5159,256
5160,256
5161,128
5162,128
5163,256
5164,256
5165,1024
5166,512
5167,512
5168,256
5169,256
5170,256
5171,256
5172,256
5173,256
5174,128
5175,512
5176,512
5177,256
5178,128
5179,512
5180,512
5181,128
5182,128
5183,128
5184,128
5185,128
5186,256
5187,128
5188,256
5189,128
5190,256
5191,128
5192,256
5193,128
5194,256
5195,256
5196,256
5197,128
5198,128
5199,256
5200,512
5201,64
5202,128
5203,512
5204,512
5205,256
5206,256
5207,128
5208,512
5209,512
5210,512
5211,128
5212,256
5213,128
5214,512
5215,128
5216,256
5217,256
5218,128
5219,256
5220,256
5221,256
5222,512
5223,256
5224,256
5225,256
5226,512
5227,256
5228,512
5229,256
5230,256
5231,256
5232,128
5233,512
5234,512
5235,256
5236,256
5237,256
5238,64
5239,1024
5240,256
5241,512
5242,128
5243,128
5244,128
5245,256
5246,128
5247,128
5248,512
5249,128
5250,64
5251,128
5252,256
5253,64
5254,512
5255,256
5256,512
5257,256
5258,128
5259,256
5260,256
5261,512
5262,128
5263,512
5264,512
5265,512
5266,256
5267,512
5268,128
5269,512
5270,128
5271,512
5272,256
5273,128
5274,128
5275,512
5276,256
5277,256
5278,512
5279,256
5280,256
5281,32
5282,512
5283,128
5284,512
5285,128
5286,512
5287,512
5288,512
5289,256
5290,512
5291,512
5292,256
5293,128
5294,512
5295,256
5296,256
5297,512
5298,256
5299,512
5300,512
5301,256
5302,256
5303,256
5304,256
5305,256
5306,64
5307,512
5308,256
5309,256
5310,128
5311,256
5312,128
5313,512
5314,256
5315,128
5316,512
5317,256
5318,512
5319,512
5320,256
5321,256
5322,64
5323,512
5324,256
5325,128
5326,256
5327,256
5328,256
5329,256
5330,128
5331,256
5332,256
5333,512
5334,128
5335,512
5336,128
5337,256
5338,512
5339,512
5340,512
5341,64
5342,512
5343,256
5344,256
5345,128
5346,512
5347,512
5348,512
5349,256
5350,128
5351,512
5352,128
5353,256
5354,256
5355,512
5356,64
5357,256
5358,512
5359,128
5360,128
5361,256
5362,256
5363,512
5364,256
5365,512
5366,256
5367,256
5368,256
5369,256
5370,256
5371,128
5372,256
5373,512
5374,128
5375,512
5376,256
5377,256
5378,256
5379,512
5380,256
5381,256
5382,512
5383,512
5384,128
5385,512
5386,128
5387,128
5388,256
5389,512
5390,256
5391,256
5392,512
5393,128
5394,512
5395,512
5396,512
5397,1024
5398,512
5399,128
5400,128
5401,256
5402,512
5403,256
5404,512
5405,512
5406,256
5407,128
5408,256
5409,512
5410,512
5411,1024
5412,128
5413,128
5414,512
5415,256
5416,256
5417,512
5418,128
5419,128
5420,256
5421,256
5422,1024
5423,512
5424,64
5425,512
5426,128
5427,512
5428,32
5429,256
5430,512
5431,256
5432,256
5433,512
5434,128
5435,256
5436,512
5437,128
5438,512
5439,512
5440,32
5441,256
5442,128
5443,128
5444,512
5445,128
5446,256
5447,1024
5448,256
5449,256
5450,512
5451,128
5452,256
5453,512
5454,512
5455,256
5456,256
5457,256
5458,512
5459,256
5460,512
5461,128
5462,256
5463,512
5464,256
5465,256
5466,128
5467,1024
5468,512
5469,256
5470,256
5471,256
5472,512
5473,1024
5474,512
5475,256
5476,256
5477,512
5478,512
5479,128
5480,256
5481,512
5482,128
5483,256
5484,256
5485,512
5486,512
5487,128
5488,64
5489,64
5490,256
5491,512
5492,256
5493,256
5494,64
5495,512
5496,128
5497,128
5498,32
5499,256
5500,512
5501,256
5502,256
5503,512
5504,512
5505,256
5506,256
5507,512
5508,128
5509,64
5510,256
5511,256
5512,256
5513,128
5514,256
5515,512
5516,256
5517,512
5518,128
5519,256
5520,256
5521,512
5522,256
5523,256
5524,256
5525,1024
5526,512
5527,256
5528,512
5529,512
5530,256
5531,256
5532,1024
5533,128
5534,512
5535,256
5536,512
5537,1024
5538,128
5539,256
5540,256
5541,128
5542,256
5543,256
5544,256
5545,128
5546,256
5547,256
5548,512
5549,128
5550,256
5551,512
5552,256
5553,512
5554,256
5555,512
5556,512
5557,128
5558,512
5559,512
5560,256
5561,128
5562,256
5563,256
5564,256
5565,128
5566,256
5567,128
5568,128
5569,64
5570,256
5571,128
5572,256
5573,128
5574,256
5575,64
5576,256
5577,512
5578,512
5579,512
5580,256
5581,512
5582,512
5583,512
5584,256
5585,128
5586,128
5587,256
5588,256
5589,64
5590,1024
5591,256
5592,256
5593,512
5594,1024
5595,256
5596,256
5597,256
5598,256
5599,64
5600,256
5601,256
5602,512
5603,256
5604,64
5605,256
5606,256
5607,128
5608,512
5609,512
5610,512
5611,512
5612,256
5613,256
5614,128
5615,128
5616,256
5617,128
5618,512
5619,512
5620,256
5621,128
5622,512
5623,512
5624,256
5625,256
5626,128
5627,256
5628,256
5629,256
5630,64
5631,256
5632,256
5633,256
5634,256
5635,256
5636,512
5637,128
5638,512
5639,512
5640,512
5641,512
5642,256
5643,256
5644,512
5645,256
5646,512
5647,256
5648,256
5649,512
5650,256
5651,256
5652,512
5653,256
5654,256
5655,256
5656,128
5657,128
5658,512
5659,256
5660,128
5661,64
5662,512
5663,512
5664,256
5665,512
5666,512
5667,64
5668,256
5669,512
5670,128
5671,256
5672,256
5673,256
5674,256
5675,512
5676,256
5677,512
5678,128
5679,128
5680,512
5681,512
5682,128
5683,256
5684,256
5685,512
5686,256
5687,128
5688,128
5689,512
5690,256
5691,256
5692,128
5693,512
5694,128
5695,64
5696,1024
5697,256
5698,128
5699,64
5700,256
5701,512
5702,512
5703,512
5704,512
5705,256
5706,128
5707,512
5708,256
5709,128
5710,256
5711,256
5712,512
5713,512
5714,64
5715,128
5716,512
5717,512
5718,256
5719,256
5720,256
5721,256
5722,128
5723,256
5724,128
5725,512
5726,128
5727,512
5728,256
5729,256
5730,256
5731,128
5732,512
5733,128
5734,256
5735,512
5736,256
5737,256
5738,512
5739,128
5740,256
5741,512
5742,512
5743,256
5744,256
5745,512
5746,512
5747,256
5748,256
5749,256
5750,512
5751,256
5752,128
5753,256
5754,256
5755,128
5756,512
5757,256
5758,256
5759,256
5760,256
5761,512
5762,128
5763,256
5764,512
5765,512
5766,256
5767,256
5768,256
5769,32
5770,512
5771,512
5772,512
5773,256
5774,256
5775,256
5776,256
5777,256
5778,256
5779,128
5780,512
5781,128
5782,64
5783,128
5784,256
5785,256
5786,128
5787,256
5788,512
5789,128
5790,128
5791,512
5792,256
5793,512
5794,256
5795,256
5796,64
5797,512
5798,512
5799,512
5800,256
5801,128
5802,512
5803,512
5804,512
5805,512
5806,128
5807,128
5808,128
5809,128
5810,256
5811,256
5812,512
5813,256
5814,128
5815,512
5816,256
5817,512
5818,256
5819,128
5820,128
5821,512
5822,128
5823,512
5824,1024
5825,256
5826,128
5827,256
5828,512
5829,1024
5830,128
5831,256
5832,512
5833,256
5834,256
5835,128
5836,256
5837,512
5838,128
5839,512
5840,256
5841,256
5842,256
5843,128
5844,512
5845,256
5846,128
5847,256
5848,256
5849,128
5850,256
5851,256
5852,256
5853,128
5854,256
5855,256
5856,512
5857,128
5858,256
5859,64
5860,512
5861,256
5862,128
5863,256
5864,512
5865,256
5866,512
5867,128
5868,256
5869,64
5870,256
5871,256
5872,128
5873,512
5874,256
5875,256
5876,256
5877,128
5878,256
5879,512
5880,128
5881,128
5882,256
5883,256
5884,256
5885,128
5886,512
5887,256
5888,256
5889,256
5890,64
5891,128
5892,128
5893,256
5894,512
5895,512
5896,512
5897,128
5898,512
5899,512
5900,256
5901,256
5902,256
5903,256
5904,256
5905,256
5906,512
5907,256
5908,256
5909,256
5910,128
5911,512
5912,256
5913,256
5914,512
5915,512
5916,256
5917,256
5918,256
5919,512
5920,512
5921,512
5922,64
5923,256
5924,128
5925,256
5926,128
5927,128
5928,512
5929,256
5930,64
5931,512
5932,512
5933,256
5934,256
5935,64
5936,512
5937,256
5938,64
5939,512
5940,256
5941,256
5942,512
5943,128
5944,256
5945,512
5946,256
5947,512
5948,256
5949,128
5950,256
5951,256
5952,256
5953,512
5954,256
5955,256
5956,256
5957,128
5958,256
5959,256
5960,512
5961,512
5962,128
5963,512
5964,32
5965,1024
5966,256
5967,256
5968,128
5969,256
5970,128
5971,128
5972,256
5973,512
5974,256
5975,256
5976,256
5977,128
5978,512
5979,256
5980,256
5981,512
5982,256
5983,256
5984,256
5985,256
5986,256
5987,256
5988,256
5989,256
5990,256
5991,128
5992,256
5993,512
5994,512
5995,256
5996,512
5997,512
5998,512
5999,512
6000,512
6001,512
6002,512
6003,512
6004,256
6005,256
6006,256
6007,128
6008,512
6009,256
6010,64
6011,512
6012,64
6013,256
6014,256
6015,512
6016,512
6017,256
6018,256
6019,256
6020,512
6021,256
6022,512
6023,256
6024,256
6025,128
6026,512
6027,128
6028,128
6029,256
6030,256
6031,128
6032,256
6033,128
6034,256
6035,512
6036,256
6037,256
6038,256
6039,512
6040,256
6041,512
6042,256
6043,128
6044,512
6045,256
6046,128
6047,512
6048,256
6049,256
6050,128
6051,256
6052,512
6053,512
6054,128
6055,128
6056,512
6057,256
6058,256
6059,256
6060,128
6061,256
6062,256
6063,512
6064,512
6065,256
6066,512
6067,256
6068,512
6069,128
6070,256
6071,32
6072,256
6073,256
6074,256
6075,256
6076,512
6077,32
6078,256
6079,512
6080,128
6081,256
6082,512
6083,256
6084,128
6085,128
6086,256
6087,256
6088,512
6089,128
6090,512
6091,256
6092,128
6093,128
6094,256
6095,256
6096,256
6097,128
6098,1024
6099,256
6100,512
6101,1024
6102,256
6103,64
6104,256
6105,256
6106,512
6107,256
6108,256
6109,256
6110,256
6111,256
6112,512
6113,256
6114,512
6115,256
6116,256
6117,256
6118,512
6119,256
6120,512
6121,256
6122,256
6123,256
6124,128
6125,256
6126,64
6127,256
6128,512
6129,512
6130,256
6131,256
6132,512
6133,256
6134,256
6135,512
6136,256
6137,256
6138,256
6139,512
6140,512
6141,256
6142,512
6143,256
6144,512
6145,512
6146,512
6147,256
6148,512
6149,512
6150,512
6151,128
6152,256
6153,512
6154,512
6155,256
6156,256
6157,128
6158,32
6159,256
6160,128
6161,512
6162,512
6163,256
6164,256
6165,512
6166,512
6167,256
6168,64
6169,512
6170,256
6171,64
6172,128
6173,512
6174,512
6175,256
6176,256
6177,128
6178,128
6179,256
6180,256
6181,512
6182,256
6183,128
6184,512
6185,64
6186,256
6187,128
6188,64
6189,128
6190,512
6191,128
6192,128
6193,128
6194,128
6195,128
6196,256
6197,256
6198,128
6199,128
6200,128
6201,128
6202,256
6203,512
6204,256
6205,256
6206,256
6207,512
6208,64
6209,512
6210,512
6211,128
6212,256
6213,512
6214,256
6215,64
6216,512
6217,256
6218,512
6219,256
6220,512
6221,512
6222,128
6223,128
6224,128
6225,256
6226,512
6227,256
6228,512
6229,256
6230,512
6231,128
6232,512
6233,128
6234,128
6235,512
6236,32
6237,128
6238,512
6239,256
6240,256
6241,128
6242,256
6243,256
6244,256
6245,128
6246,512
6247,256
6248,128
6249,128
6250,256
6251,128
6252,512
6253,256
6254,512
6255,512
6256,256
6257,256
6258,64
6259,512
6260,256
6261,512
6262,512
6263,256
6264,512
6265,256
6266,512
6267,256
6268,512
6269,512
6270,128
6271,128
6272,256
6273,128
6274,128
6275,512
6276,512
6277,512
6278,128
6279,256
6280,128
6281,256
6282,256
6283,256
6284,256
6285,256
6286,256
6287,128
6288,512
6289,512
6290,128
6291,512
6292,256
6293,512
6294,128
6295,512
6296,256
6297,256
6298,512
6299,256
6300,256
6301,512
6302,256
6303,128
6304,512
6305,128
6306,256
6307,256
6308,512
6309,512
6310,512
6311,256
6312,32
6313,256
6314,256
6315,256
6316,256
6317,256
6318,256
6319,256
6320,128
6321,512
6322,512
6323,512
6324,256
6325,256
6326,128
6327,128
6328,128
6329,512
6330,512
6331,512
6332,512
6333,512
6334,256
6335,512
6336,256
6337,256
6338,512
6339,128
6340,64
6341,256
6342,256
6343,256
6344,256
6345,512
6346,512
6347,128
6348,256
6349,512
6350,512
6351,512
6352,256
6353,512
6354,512
6355,256
6356,128
6357,256
6358,512
6359,512
6360,256
6361,256
6362,256
6363,512
6364,512
6365,256
6366,128
6367,512
6368,256
6369,256
6370,512
6371,128
6372,64
6373,256
6374,256
6375,256
6376,256
6377,256
6378,128
6379,256
6380,256
6381,512
6382,128
6383,256
6384,256
6385,256
6386,256
6387,1024
6388,256
6389,128
6390,128
6391,512
6392,512
6393,512
6394,128
6395,256
6396,512
6397,512
6398,256
6399,512
6400,512
6401,128
6402,128
6403,512
6404,128
6405,256
6406,256
6407,256
6408,256
6409,256
6410,128
6411,256
6412,512
6413,256
6414,512
6415,128
6416,256
6417,512
6418,512
6419,512
6420,256
6421,512
6422,256
6423,512
6424,512
6425,256
6426,512
6427,128
6428,512
6429,256
6430,256
6431,512
6432,256
6433,512
6434,1024
6435,256
6436,128
6437,256
6438,512
6439,512
6440,256
6441,64
6442,512
6443,256
6444,512
6445,512
6446,512
6447,512
6448,512
6449,512
6450,128
6451,256
6452,256
6453,128
6454,128
6455,256
6456,256
6457,256
6458,256
6459,256
6460,256
6461,256
6462,128
6463,128
6464,512
6465,256
6466,256
6467,64
6468,512
6469,256
6470,256
6471,512
6472,256
6473,256
6474,256
6475,512
6476,256
6477,256
6478,1024
6479,64
6480,256
6481,256
6482,128
6483,128
6484,128
6485,256
6486,128
6487,128
6488,512
6489,256
6490,256
6491,512
6492,256
6493,128
6494,1024
6495,512
6496,512
6497,128
6498,512
6499,256
6500,256
6501,256
6502,128
6503,512
6504,128
6505,256
6506,256
6507,128
6508,256
6509,256
6510,256
6511,512
6512,128
6513,128
6514,256
6515,128
6516,128
6517,128
6518,512
6519,256
6520,512
6521,512
6522,256
6523,256
6524,512
6525,256
6526,256
6527,256
6528,256
6529,1024
6530,128
6531,256
6532,256
6533,128
6534,256
6535,256
6536,128
6537,512
6538,512
6539,256
6540,256
6541,256
6542,512
6543,512
6544,64
6545,256
6546,1024
6547,512
6548,512
6549,256
6550,128
6551,128
6552,256
6553,512
6554,512
6555,512
6556,512
6557,256
6558,256
6559,256
6560,128
6561,128
6562,128
6563,512
6564,256
6565,512
6566,256
6567,256
6568,256
6569,256
6570,512
6571,256
6572,256
6573,256
6574,512
6575,512
6576,256
6577,128
6578,128
6579,128
6580,512
6581,512
6582,256
6583,512
6584,256
6585,256
6586,256
6587,128
6588,256
6589,512
6590,512
6591,256
6592,256
6593,512
6594,256
6595,256
6596,128
6597,256
6598,512
6599,512
6600,256
6601,512
6602,128
6603,512
6604,512
6605,256
6606,128
6607,256
6608,512
6609,512
6610,128
6611,512
6612,512
6613,256
6614,256
6615,512
6616,256
6617,256
6618,512
6619,128
6620,512
6621,512
6622,512
6623,128
6624,512
6625,256
6626,256
6627,256
6628,64
6629,256
6630,256
6631,256
6632,256
6633,512
6634,128
6635,512
6636,128
6637,256
6638,128
6639,1024
6640,512
6641,256
6642,128
6643,128
6644,512
6645,512
6646,128
6647,512
6648,256
6649,512
6650,512
6651,1024
6652,256
6653,256
6654,128
6655,128
6656,128
6657,128
6658,512
6659,512
6660,128
6661,512
6662,256
6663,256
6664,512
6665,256
6666,256
6667,256
6668,512
6669,256
6670,512
6671,256
6672,512
6673,256
6674,512
6675,128
6676,512
6677,64
6678,256
6679,256
6680,256
6681,64
6682,256
6683,256
6684,256
6685,256
6686,128
6687,256
6688,256
6689,256
6690,256
6691,256
6692,512
6693,128
6694,512
6695,256
6696,512
6697,256
6698,512
6699,512
6700,512
6701,256
6702,512
6703,128
6704,256
6705,128
6706,256
6707,512
6708,256
6709,512
6710,256
6711,128
6712,128
6713,256
6714,512
6715,512
6716,128
6717,256
6718,256
6719,128
6720,256
6721,256
6722,512
6723,64
6724,256
6725,256
6726,256
6727,256
6728,256
6729,512
6730,512
6731,256
6732,256
6733,256
6734,128
6735,128
6736,64
6737,256
6738,512
6739,512
6740,128
6741,128
6742,512
6743,128
6744,256
6745,64
6746,256
6747,256
6748,64
6749,256
6750,256
6751,256
6752,512
6753,256
6754,256
6755,128
6756,512
6757,512
6758,256
6759,512
6760,256
6761,512
6762,256
6763,256
6764,512
6765,512
6766,512
6767,512
6768,256
6769,256
6770,256
6771,256
6772,512
6773,512
6774,256
6775,256
6776,256
6777,256
6778,128
6779,256
6780,256
6781,256
6782,128
6783,512
6784,256
6785,512
6786,128
6787,256
6788,256
6789,256
6790,256
6791,256
6792,256
6793,256
6794,128
6795,128
6796,512
6797,512
6798,256
6799,256
6800,128
6801,512
6802,128
6803,256
6804,256
6805,512
6806,128
6807,256
6808,256
6809,512
6810,256
6811,256
6812,256
6813,512
6814,128
6815,256
6816,256
6817,256
6818,512
6819,512
6820,256
6821,256
6822,512
6823,256
6824,512
6825,128
6826,512
6827,256
6828,1024
6829,512
6830,128
6831,512
6832,256
6833,256
6834,512
6835,128
6836,128
6837,512
6838,128
6839,512
6840,128
6841,128
6842,256
6843,512
6844,1024
6845,128
6846,512
6847,256
6848,256
6849,256
6850,512
6851,512
6852,256
6853,256
6854,256
6855,512
6856,512
6857,512
6858,512
6859,512
6860,256
6861,128
6862,128
6863,256
6864,256
6865,256
6866,256
6867,512
6868,1024
6869,512
6870,64
6871,256
6872,128
6873,256
6874,256
6875,256
6876,128
6877,256
6878,256
6879,128
6880,512
6881,256
6882,256
6883,512
6884,256
6885,256
6886,256
6887,512
6888,256
6889,128
6890,1024
6891,512
6892,256
6893,512
6894,512
6895,256
6896,256
6897,512
6898,512
6899,256
6900,64
6901,128
6902,64
6903,128
6904,512
6905,256
6906,256
6907,256
6908,256
6909,64
6910,256
6911,256
6912,512
6913,256
6914,512
6915,512
6916,512
6917,256
6918,512
6919,256
6920,128
6921,512
6922,256
6923,128
6924,64
6925,256
6926,128
6927,512
6928,512
6929,256
6930,256
6931,64
6932,128
6933,128
6934,512
6935,256
6936,1024
6937,512
6938,256
6939,512
6940,512
6941,128
6942,512
6943,256
6944,256
6945,256
6946,256
6947,128
6948,512
6949,512
6950,256
6951,256
6952,512
6953,512
6954,512
6955,256
6956,256
6957,512
6958,1024
6959,128
6960,256
6961,512
6962,256
6963,1024
6964,256
6965,256
6966,512
6967,256
6968,128
6969,512
6970,256
6971,512
6972,512
6973,256
6974,256
6975,128
6976,256
6977,256
6978,256
6979,128
6980,256
6981,128
6982,256
6983,128
6984,1024
6985,64
6986,256
6987,512
6988,256
6989,256
6990,128
6991,512
6992,256
6993,256
6994,512
6995,512
6996,256
6997,512
6998,256
6999,512
7000,64
7001,128
7002,256
7003,256
7004,256
7005,128
7006,256
7007,128
7008,512
7009,256
7010,64
7011,128
7012,128
7013,256
7014,128
7015,1024
7016,128
7017,256
7018,256
7019,256
7020,512
7021,256
7022,256
7023,128
7024,256
7025,128
7026,128
7027,256
7028,256
7029,512
7030,512
7031,512
7032,128
7033,256
7034,256
7035,256
7036,256
7037,128
7038,256
7039,256
7040,256
7041,128
7042,128
7043,128
7044,128
7045,128
7046,256
7047,512
7048,128
7049,128
7050,128
7051,128
7052,128
7053,256
7054,128
7055,128
7056,512
7057,512
7058,256
7059,256
7060,256
7061,256
7062,128
7063,512
7064,512
7065,512
7066,128
7067,64
7068,256
7069,64
7070,256
7071,128
7072,128
7073,256
7074,256
7075,128
7076,512
7077,256
7078,128
7079,64
7080,128
7081,256
7082,256
7083,256
7084,256
7085,256
7086,256
7087,256
7088,256
7089,512
7090,256
7091,256
7092,256
7093,128
7094,512
7095,256
7096,256
7097,128
7098,128
7099,128
7100,64
7101,512
7102,512
7103,256
7104,256
7105,1024
7106,256
7107,256
7108,128
7109,256
7110,256
7111,256
7112,256
7113,256
7114,256
7115,256
7116,256
7117,256
7118,256
7119,256
7120,512
7121,128
7122,512
7123,128
7124,128
7125,256
7126,256
7127,256
7128,128
7129,512
7130,64
7131,1024
7132,256
7133,256
7134,512
7135,256
7136,128
7137,64
7138,64
7139,256
7140,512
7141,256
7142,256
7143,512
7144,128
7145,1024
7146,512
7147,512
7148,512
7149,256
7150,128
7151,128
7152,256
7153,256
7154,256
7155,256
7156,256
7157,256
7158,512
7159,512
7160,256
7161,256
7162,128
7163,256
7164,128
7165,512
7166,256
7167,256
7168,256
7169,1024
7170,128
7171,256
7172,256
7173,256
7174,128
7175,128
7176,32
7177,512
7178,512
7179,256
7180,128
7181,256
7182,256
7183,512
7184,128
7185,512
7186,512
7187,512
7188,256
7189,256
7190,512
7191,256
7192,512
7193,256
7194,512
7195,256
7196,64
7197,256
7198,256
7199,256
7200,256
7201,256
7202,256
7203,256
7204,256
7205,256
7206,512
7207,256
7208,256
7209,256
7210,256
7211,256
7212,512
7213,512
7214,256
7215,128
7216,256
7217,128
7218,512
7219,128
7220,128
7221,128
7222,256
7223,256
7224,256
7225,1024
7226,512
7227,256
7228,256
7229,64
7230,256
7231,256
7232,512
7233,256
7234,512
7235,256
7236,512
7237,256
7238,256
7239,512
7240,256
7241,128
7242,256
7243,512
7244,512
7245,256
7246,512
7247,256
7248,256
7249,128
7250,128
7251,256
7252,128
7253,256
7254,512
7255,256
7256,256
7257,256
7258,256
7259,256
7260,256
7261,256
7262,512
7263,256
7264,512
7265,64
7266,512
7267,256
7268,128
7269,128
7270,128
7271,512
7272,128
7273,256
7274,512
7275,512
7276,512
7277,64
7278,256
7279,256
7280,128
7281,64
7282,256
7283,512
7284,256
7285,256
7286,256
7287,256
7288,512
7289,512
7290,512
7291,512
7292,512
7293,256
7294,1024
7295,256
7296,128
7297,256
7298,64
7299,512
7300,256
7301,256
7302,512
7303,256
7304,128
7305,256
7306,256
7307,512
7308,256
7309,128
7310,512
7311,512
7312,256
7313,256
7314,256
7315,128
7316,256
7317,256
7318,256
7319,128
7320,512
7321,128
7322,256
7323,512
7324,256
7325,256
7326,512
7327,256
7328,128
7329,512
7330,128
7331,512
7332,512
7333,128
7334,256
7335,512
7336,512
7337,128
7338,256
7339,512
7340,512
7341,1024
7342,128
7343,256
7344,1024
7345,256
7346,256
7347,256
7348,512
7349,256
7350,128
7351,128
7352,128
7353,512
7354,1024
7355,512
7356,256
7357,256
7358,128
7359,256
7360,128
7361,128
7362,128
7363,256
7364,256
7365,256
7366,256
7367,256
7368,128
7369,512
7370,256
7371,512
7372,128
7373,32
7374,256
7375,512
7376,512
7377,128
7378,256
7379,128
7380,256
7381,32
7382,512
7383,256
7384,256
7385,512
7386,512
7387,256
7388,128
7389,512
7390,64
7391,128
7392,128
7393,256
7394,256
7395,512
7396,128
7397,128
7398,256
7399,128
7400,256
7401,512
7402,256
7403,128
7404,512
7405,512
7406,256
7407,256
7408,128
7409,256
7410,128
7411,512
7412,256
7413,512
7414,64
7415,512
7416,256
7417,256
7418,256
7419,512
7420,256
7421,256
7422,512
7423,128
7424,512
7425,512
7426,128
7427,512
7428,512
7429,256
7430,256
7431,64
7432,128
7433,256
7434,256
7435,256
7436,256
7437,64
7438,512
7439,512
7440,256
7441,128
7442,256
7443,256
7444,512
7445,256
7446,128
7447,256
7448,256
7449,128
7450,128
7451,256
7452,128
7453,128
7454,128
7455,128
7456,64
7457,512
7458,1024
7459,512
7460,256
7461,512
7462,128
7463,256
7464,256
7465,128
7466,128
7467,64
7468,512
7469,256
7470,256
7471,32
7472,128
7473,512
7474,256
7475,512
7476,256
7477,128
7478,256
7479,128
7480,512
7481,512
7482,64
7483,128
7484,512
7485,512
7486,512
7487,256
7488,256
7489,512
7490,512
7491,128
7492,512
7493,128
7494,256
7495,512
7496,512
7497,512
7498,512
7499,256
7500,256
7501,512
7502,256
7503,256
7504,128
7505,256
7506,256
7507,256
7508,256
7509,256
7510,256
7511,256
7512,512
7513,128
7514,128
7515,256
7516,256
7517,64
7518,128
7519,512
7520,128
7521,128
7522,64
7523,256
7524,256
7525,256
7526,256
7527,256
7528,256
7529,128
7530,128
7531,512
7532,256
7533,256
7534,128
7535,256
7536,512
7537,256
7538,256
7539,256
7540,256
7541,64
7542,256
7543,512
7544,128
7545,512
7546,256
7547,512
7548,512
7549,512
7550,64
7551,256
7552,256
7553,256
7554,512
7555,256
7556,64
7557,512
7558,128
7559,256
7560,512
7561,1024
7562,512
7563,256
7564,512
7565,256
7566,128
7567,128
7568,256
7569,256
7570,256
7571,512
7572,256
7573,128
7574,256
7575,128
7576,256
7577,256
7578,512
7579,512
7580,256
7581,256
7582,512
7583,256
7584,512
7585,128
7586,256
7587,512
7588,512
7589,256
7590,256
7591,512
7592,256
7593,256
7594,256
7595,256
7596,256
7597,256
7598,128
7599,256
7600,256
7601,64
7602,128
7603,512
7604,256
7605,512
7606,128
7607,256
7608,256
7609,128
7610,1024
7611,512
7612,512
7613,512
7614,256
7615,256
7616,512
7617,512
7618,128
7619,256
7620,256
7621,512
7622,256
7623,512
7624,128
7625,256
7626,512
7627,256
7628,128
7629,256
7630,256
7631,256
7632,128
7633,512
7634,256
7635,128
7636,128
7637,256
7638,512
7639,256
7640,256
7641,128
7642,512
7643,512
7644,128
7645,256
7646,256
7647,512
7648,256
7649,256
7650,512
7651,128
7652,256
7653,256
7654,64
7655,64
7656,256
7657,256
7658,256
7659,256
7660,1024
7661,256
7662,256
7663,256
7664,256
7665,128
7666,256
7667,256
7668,128
7669,512
7670,512
7671,128
7672,256
7673,512
7674,128
7675,512
7676,128
7677,256
7678,512
7679,256
7680,256
7681,512
7682,512
7683,256
7684,128
7685,256
7686,256
7687,128
7688,256
7689,256
7690,64
7691,256
7692,512
7693,128
7694,256
7695,512
7696,256
7697,512
7698,512
7699,256
7700,256
7701,512
7702,256
7703,512
7704,256
7705,512
7706,256
7707,256
7708,512
7709,256
7710,256
7711,512
7712,256
7713,128
7714,128
7715,512
7716,256
7717,256
7718,256
7719,256
7720,512
7721,128
7722,512
7723,512
7724,128
7725,256
7726,256
7727,512
7728,256
7729,512
7730,512
7731,256
7732,256
7733,256
7734,256
7735,16
7736,256
7737,512
7738,64
7739,512
7740,256
7741,128
7742,128
7743,256
7744,256
7745,256
7746,128
7747,512
7748,256
7749,512
7750,512
7751,512
7752,64
7753,256
7754,64
7755,256
7756,256
7757,128
7758,512
7759,512
7760,128
7761,256
7762,512
7763,512
7764,256
7765,512
7766,256
7767,256
7768,256
7769,128
7770,256
7771,512
7772,128
7773,512
7774,128
7775,256
7776,128
7777,256
7778,512
7779,256
7780,256
7781,64
7782,256
7783,128
7784,256
7785,128
7786,256
7787,128
7788,256
7789,256
7790,512
7791,512
7792,256
7793,512
7794,128
7795,128
7796,256
7797,256
7798,512
7799,256
7800,128
7801,128
7802,128
7803,256
7804,128
7805,64
7806,256
7807,512
7808,256
7809,512
7810,128
7811,256
7812,128
7813,256
7814,512
7815,512
7816,512
7817,256
7818,512
7819,128
7820,512
7821,256
7822,256
7823,512
7824,512
7825,256
7826,512
7827,512
7828,512
7829,512
7830,128
7831,128
7832,256
7833,256
7834,256
7835,512
7836,256
7837,512
7838,256
7839,512
7840,256
7841,128
7842,256
7843,256
7844,256
7845,128
7846,64
7847,256
7848,512
7849,256
7850,512
7851,512
7852,128
7853,128
7854,512
7855,128
7856,128
7857,512
7858,512
7859,512
7860,512
7861,128
7862,256
7863,512
7864,512
7865,128
7866,512
7867,256
7868,512
7869,256
7870,256
7871,512
7872,512
7873,256
7874,512
7875,64
7876,256
7877,128
7878,128
7879,512
7880,256
7881,256
7882,256
7883,128
7884,512
7885,64
7886,256
7887,512
7888,512
7889,256
7890,256
7891,128
7892,256
7893,128
7894,256
7895,512
7896,128
7897,32
7898,256
7899,512
7900,256
7901,128
7902,256
7903,128
7904,512
7905,128
7906,512
7907,128
7908,256
7909,512
7910,512
7911,128
7912,512
7913,512
7914,128
7915,512
7916,128
7917,256
7918,128
7919,256
7920,256
7921,128
7922,512
7923,512
7924,512
7925,256
7926,128
7927,128
7928,512
7929,512
7930,256
7931,256
7932,256
7933,128
7934,256
7935,128
7936,256
7937,512
7938,512
7939,128
7940,512
7941,256
7942,256
7943,512
7944,256
7945,256
7946,1024
7947,256
7948,256
7949,512
7950,256
7951,128
7952,128
7953,128
7954,128
7955,512
7956,256
7957,128
7958,256
7959,256
7960,256
7961,512
7962,256
7963,256
7964,256
7965,256
7966,512
7967,64
7968,128
7969,256
7970,128
7971,256
7972,256
7973,512
7974,512
7975,256
7976,256
7977,512
7978,512
7979,64
7980,256
7981,256
7982,256
7983,256
7984,256
7985,128
7986,256
7987,512
7988,512
7989,256
7990,128
7991,128
7992,512
7993,256
7994,512
7995,512
7996,128
7997,256
7998,256
7999,512
8000,128
8001,256
8002,512
8003,128
8004,128
8005,128
8006,512
8007,256
8008,256
8009,256
8010,32
8011,1024
8012,256
8013,1024
8014,256
8015,256
8016,256
8017,128
8018,512
8019,64
8020,128
8021,128
8022,512
8023,256
8024,256
8025,256
8026,512
8027,256
8028,128
8029,512
8030,128
8031,512
8032,512
8033,512
8034,256
8035,256
8036,128
8037,256
8038,256
8039,256
8040,256
8041,256
8042,128
8043,128
8044,512
8045,1024
8046,256
8047,256
8048,512
8049,256
8050,256
8051,256
8052,256
8053,128
8054,512
8055,1024
8056,256
8057,128
8058,256
8059,512
8060,512
8061,512
8062,128
8063,128
8064,256
8065,512
8066,512
8067,256
8068,512
8069,256
8070,256
8071,128
8072,64
8073,512
8074,128
8075,512
8076,256
8077,256
8078,128
8079,512
8080,512
8081,512
8082,256
8083,128
8084,256
8085,512
8086,256
8087,512
8088,256
8089,512
8090,256
8091,512
8092,1024
8093,128
8094,256
8095,256
8096,128
8097,64
8098,256
8099,256
8100,64
8101,512
8102,256
8103,128
8104,256
8105,512
8106,256
8107,64
8108,512
8109,512
8110,256
8111,512
8112,64
8113,256
8114,256
8115,512
8116,256
8117,256
8118,256
8119,512
8120,256
8121,64
8122,128
8123,256
8124,256
8125,256
8126,256
8127,512
8128,256
8129,128
8130,512
8131,256
8132,256
8133,256
8134,128
8135,128
8136,256
8137,256
8138,512
8139,256
8140,256
8141,512
8142,32
8143,128
8144,256
8145,128
8146,256
8147,512
8148,1024
8149,64
8150,256
8151,256
8152,128
8153,64
8154,256
8155,256
8156,512
8157,128
8158,512
8159,512
8160,512
8161,512
8162,512
8163,256
8164,128
8165,64
8166,256
8167,256
8168,256
8169,512
8170,256
8171,256
8172,512
8173,256
8174,512
8175,512
8176,512
8177,512
8178,512
8179,256
8180,512
8181,128
8182,1024
8183,128
8184,256
8185,512
8186,256
8187,128
8188,256
8189,256
8190,128
8191,512
8192,256
8193,256
8194,512
8195,256
8196,512
8197,128
8198,256
8199,256
8200,256
8201,256
8202,512
8203,128
8204,128
8205,512
8206,512
8207,256
8208,256
8209,512
8210,128
8211,256
8212,128
8213,512
8214,512
8215,256
8216,512
8217,256
8218,512
8219,512
8220,512
8221,512
8222,256
8223,512
8224,256
8225,512
8226,512
8227,256
8228,128
8229,512
8230,128
8231,256
8232,128
8233,128
8234,256
8235,512
8236,256
8237,256
8238,256
8239,64
8240,256
8241,256
8242,1024
8243,512
8244,256
8245,256
8246,256
8247,512
8248,256
8249,512
8250,256
8251,512
8252,256
8253,128
8254,256
8255,256
8256,256
8257,256
8258,512
8259,512
8260,64
8261,512
8262,128
8263,256
8264,256
8265,512
8266,128
8267,64
8268,512
8269,128
8270,64
8271,256
8272,256
8273,256
8274,256
8275,256
8276,512
8277,128
8278,256
8279,256
8280,256
8281,1024
8282,512
8283,512
8284,256
8285,256
8286,128
8287,512
8288,512
8289,512
8290,256
8291,256
8292,256
8293,128
8294,256
8295,512
8296,256
8297,512
8298,128
8299,512
8300,256
8301,256
8302,1024
8303,1024
8304,256
8305,128
8306,256
8307,64
8308,256
8309,256
8310,256
8311,512
8312,256
8313,256
8314,256
8315,256
8316,1024
8317,256
8318,128
8319,512
8320,512
8321,64
8322,256
8323,512
8324,128
8325,256
8326,512
8327,128
8328,256
8329,512
8330,128
8331,256
8332,256
8333,128
8334,512
8335,512
8336,512
8337,256
8338,1024
8339,128
8340,512
8341,128
8342,256
8343,128
8344,256
8345,256
8346,256
8347,256
8348,512
8349,256
8350,128
8351,512
8352,512
8353,64
8354,512
8355,256
8356,256
8357,512
8358,512
8359,256
8360,512
8361,256
8362,1024
8363,512
8364,256
8365,512
8366,64
8367,512
8368,512
8369,256
8370,128
8371,256
8372,256
8373,128
8374,256
8375,512
8376,64
8377,512
8378,256
8379,64
8380,256
8381,128
8382,512
8383,256
8384,512
8385,512
8386,512
8387,256
8388,256
8389,32
8390,256
8391,128
8392,128
8393,256
8394,256
8395,512
8396,128
8397,256
8398,256
8399,512
8400,256
8401,128
8402,256
8403,128
8404,256
8405,512
8406,512
8407,128
8408,128
8409,256
8410,512
8411,512
8412,128
8413,256
8414,256
8415,128
8416,256
8417,256
8418,64
8419,1024
8420,256
8421,256
8422,512
8423,1024
8424,256
8425,256
8426,128
8427,256
8428,128
8429,512
8430,512
8431,512
8432,512
8433,256
8434,256
8435,512
8436,256
8437,256
8438,128
8439,256
8440,512
8441,256
8442,256
8443,256
8444,128
8445,128
8446,512
8447,512
8448,512
8449,512
8450,256
8451,512
8452,128
8453,512
8454,512
8455,512
8456,128
8457,256
8458,512
8459,256
8460,256
8461,256
8462,256
8463,128
8464,256
8465,512
8466,512
8467,256
8468,32
8469,512
8470,256
8471,256
8472,128
8473,256
8474,128
8475,256
8476,512
8477,512
8478,512
8479,256
8480,256
8481,512
8482,128
8483,512
8484,512
8485,64
8486,512
8487,512
8488,512
8489,256
8490,32
8491,256
8492,512
8493,512
8494,256
8495,128
8496,256
8497,256
8498,256
8499,512
8500,256
8501,256
8502,256
8503,256
8504,512
8505,128
8506,512
8507,256
8508,128
8509,512
8510,256
8511,256
8512,512
8513,512
8514,128
8515,256
8516,64
8517,512
8518,256
8519,128
8520,256
8521,512
8522,256
8523,128
8524,512
8525,128
8526,256
8527,512
8528,512
8529,256
8530,512
8531,256
8532,128
8533,256
8534,512
8535,512
8536,512
8537,512
8538,128
8539,256
8540,512
8541,256
8542,256
8543,512
8544,128
8545,512
8546,512
8547,512
8548,512
8549,128
8550,512
8551,512
8552,256
8553,512
8554,512
8555,512
8556,128
8557,512
8558,64
8559,512
8560,128
8561,256
8562,128
8563,256
8564,256
8565,128
8566,512
8567,256
8568,128
8569,256
8570,256
8571,256
8572,128
8573,256
8574,256
8575,128
8576,512
8577,1024
8578,256
8579,128
8580,512
8581,256
8582,512
8583,512
8584,128
8585,256
8586,256
8587,512
8588,256
8589,512
8590,512
8591,128
8592,256
8593,512
8594,512
8595,256
8596,1024
8597,256
8598,256
8599,256
8600,256
8601,256
8602,512
8603,256
8604,256
8605,512
8606,512
8607,512
8608,64
8609,512
8610,256
8611,256
8612,1024
8613,512
8614,1024
8615,512
8616,64
8617,256
8618,512
8619,256
8620,256
8621,256
8622,512
8623,512
8624,512
8625,512
8626,128
8627,128
8628,128
8629,512
8630,1024
8631,512
8632,256
8633,256
8634,256
8635,512
8636,512
8637,512
8638,256
8639,512
8640,256
8641,512
8642,128
8643,256
8644,512
8645,1024
8646,512
8647,256
8648,256
8649,256
8650,256
8651,256
8652,256
8653,256
8654,256
8655,512
8656,256
8657,512
8658,256
8659,256
8660,512
8661,512
8662,512
8663,256
8664,256
8665,128
8666,512
8667,128
8668,512
8669,256
8670,128
8671,256
8672,512
8673,256
8674,256
8675,256
8676,256
8677,64
8678,512
8679,256
8680,256
8681,512
8682,256
8683,256
8684,256
8685,256
8686,512
8687,128
8688,256
8689,128
8690,512
8691,256
8692,256
8693,128
8694,1024
8695,512
8696,512
8697,512
8698,128
8699,512
8700,256
8701,512
8702,256
8703,128
8704,512
8705,256
8706,256
8707,256
8708,512
8709,256
8710,256
8711,256
8712,128
8713,128
8714,512
8715,64
8716,64
8717,128
8718,256
8719,512
8720,256
8721,512
8722,128
8723,128
8724,256
8725,256
8726,256
8727,512
8728,512
8729,256
8730,64
8731,512
8732,512
8733,512
8734,256
8735,256
8736,256
8737,128
8738,512
8739,512
8740,256
8741,256
8742,128
8743,128
8744,64
8745,256
8746,256
8747,128
8748,256
8749,512
8750,256
8751,256
8752,256
8753,64
8754,256
8755,128
8756,64
8757,128
8758,128
8759,256
8760,512
8761,256
8762,256
8763,1024
8764,256
8765,512
8766,512
8767,512
8768,64
8769,512
8770,512
8771,256
8772,256
8773,256
8774,1024
8775,128
8776,512
8777,512
8778,512
8779,128
8780,256
8781,256
8782,256
8783,256
8784,256
8785,512
8786,256
8787,128
8788,256
8789,256
8790,256
8791,256
8792,256
8793,512
8794,64
8795,512
8796,256
8797,128
8798,512
8799,256
8800,128
8801,512
8802,256
8803,256
8804,128
8805,256
8806,128
8807,64
8808,32
8809,256
8810,128
8811,256
8812,256
8813,256
8814,256
8815,512
8816,64
8817,256
8818,64
8819,512
8820,256
8821,256
8822,256
8823,512
8824,256
8825,256
8826,512
8827,256
8828,256
8829,256
8830,256
8831,512
8832,256
8833,128
8834,256
8835,128
8836,128
8837,256
8838,256
8839,512
8840,256
8841,512
8842,512
8843,512
8844,512
8845,512
8846,256
8847,256
8848,512
8849,64
8850,128
8851,64
8852,512
8853,256
8854,256
8855,1024
8856,512
8857,256
8858,512
8859,256
8860,512
8861,32
8862,256
8863,512
8864,512
8865,256
8866,512
8867,256
8868,256
8869,256
8870,512
8871,64
8872,256
8873,512
8874,256
8875,256
8876,256
8877,128
8878,512
8879,256
8880,512
8881,256
8882,512
8883,128
8884,256
8885,256
8886,256
8887,128
8888,512
8889,256
8890,128
8891,512
8892,1024
8893,256
8894,256
8895,256
8896,512
8897,512
8898,512
8899,256
8900,512
8901,512
8902,512
8903,512
8904,256
8905,64
8906,512
8907,128
8908,256
8909,512
8910,512
8911,256
8912,512
8913,256
8914,128
8915,64
8916,512
8917,256
8918,512
8919,512
8920,128
8921,256
8922,256
8923,256
8924,512
8925,256
8926,512
8927,512
8928,256
8929,256
8930,512
8931,512
8932,256
8933,512
8934,256
8935,256
8936,512
8937,512
8938,256
8939,512
8940,256
8941,512
8942,256
8943,512
8944,512
8945,256
8946,512
8947,1024
8948,256
8949,512
8950,256
8951,256
8952,256
8953,256
8954,128
8955,256
8956,512
8957,512
8958,512
8959,512
8960,256
8961,512
8962,128
8963,512
8964,256
8965,256
8966,128
8967,512
8968,128
8969,128
8970,512
8971,512
8972,512
8973,512
8974,128
8975,64
8976,256
8977,128
8978,256
8979,512
8980,512
8981,512
8982,256
8983,512
8984,128
8985,512
8986,512
8987,512
8988,256
8989,512
8990,1024
8991,256
8992,128
8993,256
8994,512
8995,64
8996,512
8997,512
8998,128
8999,256
9000,256
9001,128
9002,512
9003,512
9004,256
9005,512
9006,512
9007,512
9008,512
9009,512
9010,256
9011,128
9012,512
9013,256
9014,512
9015,256
9016,128
9017,256
9018,128
9019,256
9020,256
9021,512
9022,512
9023,256
9024,256
9025,512
9026,256
9027,512
9028,256
9029,256
9030,512
9031,128
9032,128
9033,256
9034,256
9035,128
9036,512
9037,512
9038,256
9039,128
9040,256
9041,128
9042,256
9043,512
9044,256
9045,256
9046,512
9047,128
9048,256
9049,256
9050,256
9051,256
9052,512
9053,64
9054,256
9055,256
9056,512
9057,512
9058,64
9059,512
9060,256
9061,512
9062,256
9063,128
9064,256
9065,128
9066,512
9067,256
9068,128
9069,512
9070,256
9071,512
9072,256
9073,256
9074,512
9075,256
9076,128
9077,512
9078,256
9079,512
9080,128
9081,256
9082,1024
9083,512
9084,256
9085,512
9086,128
9087,128
9088,512
9089,256
9090,128
9091,256
9092,512
9093,256
9094,128
9095,512
9096,256
9097,512
9098,256
9099,64
9100,512
9101,512
9102,128
9103,512
9104,512
9105,256
9106,256
9107,256
9108,128
9109,128
9110,128
9111,128
9112,256
9113,256
9114,512
9115,128
9116,256
9117,128
9118,512
9119,512
9120,256
9121,512
9122,512
9123,256
9124,128
9125,128
9126,128
9127,512
9128,128
9129,256
9130,256
9131,512
9132,512
9133,512
9134,256
9135,512
9136,512
9137,128
9138,512
9139,512
9140,128
9141,256
9142,128
9143,256
9144,256
9145,256
9146,128
9147,256
9148,512
9149,512
9150,128
9151,256
9152,128
9153,512
9154,256
9155,512
9156,256
9157,256
9158,256
9159,512
9160,256
9161,512
9162,128
9163,256
9164,256
9165,512
9166,128
9167,512
9168,512
9169,256
9170,512
9171,256
9172,256
9173,256
9174,512
9175,256
9176,512
9177,128
9178,256
9179,512
9180,512
9181,512
9182,64
9183,256
9184,256
9185,512
9186,256
9187,512
9188,512
9189,256
9190,256
9191,128
9192,256
9193,256
9194,128
9195,512
9196,512
9197,256
9198,512
9199,256
9200,512
9201,512
9202,256
9203,256
9204,256
9205,256
9206,512
9207,256
9208,256
9209,256
9210,512
9211,256
9212,512
9213,512
9214,128
9215,256
9216,256
9217,512
9218,128
9219,512
9220,512
9221,512
9222,512
9223,256
9224,256
9225,512
9226,256
9227,512
9228,512
9229,128
9230,256
9231,512
9232,1024
9233,1024
9234,1024
9235,256
9236,512
9237,512
9238,512
9239,128
9240,256
9241,64
9242,256
9243,64
9244,512
9245,512
9246,512
9247,256
9248,64
9249,256
9250,128
9251,512
9252,512
9253,512
9254,256
9255,256
9256,512
9257,128
9258,64
9259,256
9260,128
9261,256
9262,64
9263,512
9264,128
9265,128
9266,512
9267,256
9268,512
9269,256
9270,512
9271,256
9272,512
9273,256
9274,512
9275,256
9276,256
9277,128
9278,512
9279,512
9280,128
9281,128
9282,64
9283,512
9284,256
9285,256
9286,256
9287,512
9288,256
9289,256
9290,512
9291,512
9292,512
9293,512
9294,512
9295,128
9296,256
9297,256
9298,128
9299,256
9300,512
9301,256
9302,256
9303,512
9304,256
9305,128
9306,256
9307,128
9308,256
9309,256
9310,128
9311,256
9312,64
9313,512
9314,512
9315,512
9316,128
9317,256
9318,512
9319,256
9320,512
9321,512
9322,256
9323,512
9324,512
9325,64
9326,256
9327,1024
9328,256
9329,512
9330,64
9331,512
9332,256
9333,512
9334,512
9335,128
9336,256
9337,256
9338,1024
9339,512
9340,256
9341,512
9342,512
9343,256
9344,128
9345,512
9346,256
9347,512
9348,512
9349,512
9350,256
9351,128
9352,256
9353,256
9354,256
9355,512
9356,128
9357,512
9358,256
9359,256
9360,256
9361,256
9362,512
9363,512
9364,256
9365,512
9366,128
9367,512
9368,128
9369,512
9370,128
9371,256
9372,64
9373,512
9374,128
9375,256
9376,512
9377,256
9378,128
9379,256
9380,1024
9381,512
9382,512
9383,128
9384,512
9385,256
9386,128
9387,256
9388,64
9389,512
9390,256
9391,256
9392,128
9393,256
9394,512
9395,256
9396,256
9397,256
9398,128
9399,512
9400,512
9401,512
9402,512
9403,128
9404,256
9405,512
9406,256
9407,512
9408,512
9409,256
9410,256
9411,128
9412,64
9413,256
9414,256
9415,64
9416,512
9417,256
9418,128
9419,512
9420,256
9421,256
9422,512
9423,64
9424,128
9425,128
9426,512
9427,1024
9428,256
9429,128
9430,512
9431,128
9432,256
9433,256
9434,512
9435,256
9436,256
9437,1024
9438,512
9439,512
9440,128
9441,256
9442,512
9443,256
9444,512
9445,128
9446,128
9447,256
9448,512
9449,512
9450,128
9451,256
9452,512
9453,512
9454,512
9455,512
9456,256
9457,256
9458,512
9459,128
9460,256
9461,256
9462,256
9463,512
9464,64
9465,256
9466,512
9467,256
9468,256
9469,256
9470,256
9471,512
9472,256
9473,256
9474,512
9475,512
9476,512
9477,512
9478,32
9479,256
9480,512
9481,512
9482,128
9483,512
9484,256
9485,128
9486,512
9487,256
9488,128
9489,128
9490,256
9491,128
9492,128
9493,512
9494,256
9495,256
9496,256
9497,256
9498,256
9499,512
9500,256
9501,128
9502,128
9503,512
9504,512
9505,256
9506,256
9507,256
9508,256
9509,256
9510,256
9511,512
9512,256
9513,64
9514,512
9515,256
9516,64
9517,512
9518,512
9519,128
9520,512
9521,128
9522,512
9523,256
9524,256
9525,256
9526,128
9527,128
9528,512
9529,256
9530,512
9531,512
9532,512
9533,256
9534,256
9535,512
9536,128
9537,128
9538,256
9539,128
9540,256
9541,512
9542,512
9543,256
9544,512
9545,512
9546,128
9547,512
9548,512
9549,512
9550,256
9551,128
9552,256
9553,512
9554,512
9555,256
9556,256
9557,256
9558,512
9559,512
9560,256
9561,1024
9562,512
9563,512
9564,64
9565,512
9566,256
9567,512
9568,256
9569,512
9570,512
9571,256
9572,512
9573,512
9574,256
9575,256
9576,256
9577,256
9578,256
9579,512
9580,512
9581,512
9582,1024
9583,256
9584,512
9585,256
9586,256
9587,512
9588,128
9589,128
9590,512
9591,512
9592,256
9593,256
9594,128
9595,256
9596,128
9597,512
9598,256
9599,64
9600,512
9601,64
9602,512
9603,512
9604,512
9605,128
9606,256
9607,128
9608,512
9609,512
9610,256
9611,128
9612,256
9613,512
9614,512
9615,256
9616,512
9617,256
9618,256
9619,256
9620,256
9621,512
9622,256
9623,512
9624,256
9625,256
9626,256
9627,256
9628,256
9629,1024
9630,256
9631,512
9632,256
9633,512
9634,512
9635,512
9636,512
9637,256
9638,256
9639,512
9640,256
9641,512
9642,512
9643,256
9644,256
9645,512
9646,512
9647,256
9648,64
9649,256
9650,512
9651,256
9652,256
9653,128
9654,256
9655,512
9656,512
9657,256
9658,256
9659,512
9660,512
9661,512
9662,128
9663,128
9664,256
9665,64
9666,256
9667,512
9668,256
9669,512
9670,256
9671,256
9672,128
9673,256
9674,256
9675,256
9676,256
9677,512
9678,128
9679,1024
9680,64
9681,512
9682,512
9683,128
9684,512
9685,64
9686,128
9687,512
9688,512
9689,64
9690,64
9691,256
9692,256
9693,512
9694,512
9695,256
9696,256
9697,128
9698,256
9699,512
9700,512
9701,128
9702,256
9703,512
9704,512
9705,512
9706,512
9707,512
9708,256
9709,256
9710,256
9711,256
9712,256
9713,256
9714,128
9715,128
9716,256
9717,256
9718,128
9719,256
9720,128
9721,128
9722,128
9723,256
9724,256
9725,256
9726,512
9727,512
9728,512
9729,256
9730,256
9731,1024
9732,512
9733,512
9734,256
9735,128
9736,512
9737,128
9738,128
9739,256
9740,512
9741,256
9742,128
9743,256
9744,256
9745,256
9746,128
9747,256
9748,512
9749,128
9750,256
9751,512
9752,512
9753,512
9754,32
9755,128
9756,512
9757,128
9758,256
9759,256
9760,512
9761,256
9762,256
9763,256
9764,256
9765,128
9766,256
9767,512
9768,256
9769,512
9770,128
9771,128
9772,512
9773,256
9774,256
9775,512
9776,512
9777,256
9778,512
9779,256
9780,128
9781,256
9782,512
9783,512
9784,256
9785,512
9786,128
9787,512
9788,256
9789,512
9790,256
9791,256
9792,512
9793,256
9794,512
9795,256
9796,128
9797,512
9798,512
9799,512
9800,256
9801,512
9802,512
9803,512
9804,256
9805,128
9806,256
9807,512
9808,512
9809,512
9810,256
9811,512
9812,256
9813,256
9814,512
9815,512
9816,128
9817,256
9818,256
9819,256
9820,256
9821,512
9822,128
9823,512
9824,256
9825,512
9826,256
9827,256
9828,256
9829,256
9830,512
9831,128
9832,512
9833,512
9834,256
9835,512
9836,256
9837,256
9838,256
9839,128
9840,256
9841,512
9842,512
9843,128
9844,128
9845,128
9846,512
9847,256
9848,512
9849,256
9850,256
9851,256
9852,512
9853,256
9854,512
9855,512
9856,512
9857,256
9858,512
9859,512
9860,256
9861,256
9862,128
9863,512
9864,256
9865,256
9866,128
9867,256
9868,256
9869,512
9870,256
9871,256
9872,512
9873,256
9874,256
9875,512
9876,256
9877,128
9878,512
9879,128
9880,256
9881,128
9882,256
9883,512
9884,512
9885,512
9886,512
9887,512
9888,128
9889,256
9890,256
9891,512
9892,256
9893,512
9894,256
9895,256
9896,256
9897,128
9898,256
9899,128
9900,256
9901,512
9902,128
9903,256
9904,128
9905,256
9906,256
9907,128
9908,512
9909,256
9910,256
9911,256
9912,64
9913,256
9914,512
9915,512
9916,256
9917,256
9918,256
9919,512
9920,256
9921,256
9922,128
9923,64
9924,512
9925,256
9926,256
9927,128
9928,512
9929,256
9930,256
9931,256
9932,512
9933,512
9934,256
9935,256
9936,256
9937,256
9938,128
9939,256
9940,256
9941,256
9942,128
9943,512
9944,128
9945,512
9946,256
9947,512
9948,256
9949,128
9950,512
9951,512
9952,256
9953,256
9954,1024
9955,256
9956,256
9957,512
9958,256
9959,512
9960,256
9961,512
9962,256
9963,512
9964,256
9965,256
9966,256
9967,512
9968,256
9969,128
9970,512
9971,512
9972,256
9973,256
9974,256
9975,128
9976,256
9977,128
9978,1024
9979,256
9980,256
9981,512
9982,256
9983,1024
9984,128
9985,256
9986,512
9987,512
9988,256
9989,512
9990,512
9991,256
9992,128
9993,256
9994,256
9995,128
9996,512
9997,64
9998,512
9999,256
10000,256
10001,128
10002,128
10003,128
10004,256
10005,128
10006,64
