Episode,Score
0,440
1,744
2,904
3,200
4,1528
5,448
6,636
7,1172
8,840
9,2592
10,588
11,1276
12,444
13,1052
14,596
15,664
16,572
17,364
18,1684
19,1080
20,1144
21,1260
22,516
23,2396
24,1016
25,1544
26,3076
27,640
28,1124
29,576
30,1348
31,328
32,2680
33,1108
34,1380
35,820
36,1768
37,1012
38,1452
39,1520
40,1220
41,792
42,1984
43,344
44,1000
45,1028
46,2768
47,1024
48,1600
49,616
50,588
51,2916
52,340
53,936
54,588
55,588
56,1364
57,1040
58,1316
59,1460
60,1048
61,1328
62,592
63,1576
64,716
65,700
66,2804
67,1196
68,736
69,692
70,496
71,924
72,3096
73,1208
74,480
75,212
76,1416
77,976
78,440
79,456
80,1772
81,904
82,1188
83,1124
84,504
85,916
86,776
87,1124
88,844
89,536
90,3324
91,624
92,1000
93,664
94,1688
95,588
96,780
97,1316
98,404
99,1568
100,696
101,440
102,1360
103,964
104,432
105,628
106,576
107,620
108,1416
109,644
110,1728
111,1416
112,1788
113,104
114,728
115,868
116,784
117,1420
118,456
119,1528
120,1676
121,440
122,784
123,532
124,132
125,844
126,1676
127,1028
128,640
129,960
130,576
131,1164
132,1940
133,1332
134,948
135,1096
136,1236
137,508
138,700
139,1240
140,1032
141,860
142,272
143,1212
144,1164
145,444
146,320
147,612
148,1496
149,1744
150,1252
151,1516
152,400
153,336
154,1760
155,332
156,1756
157,424
158,928
159,1488
160,1124
161,1500
162,492
163,764
164,1392
165,448
166,1464
167,396
168,1152
169,856
170,2016
171,520
172,2980
173,436
174,1900
175,516
176,1352
177,220
178,1064
179,656
180,1804
181,740
182,1112
183,2428
184,308
185,1116
186,1228
187,468
188,856
189,1148
190,1136
191,788
192,540
193,628
194,348
195,616
196,544
197,400
198,2240
199,856
200,640
201,1596
202,1532
203,1612
204,1060
205,2532
206,1004
207,1000
208,1180
209,1368
210,1012
211,308
212,1656
213,560
214,432
215,752
216,528
217,1232
218,1544
219,532
220,680
221,304
222,872
223,1212
224,1664
225,264
226,1080
227,568
228,976
229,500
230,1028
231,1380
232,456
233,512
234,500
235,1944
236,464
237,2316
238,1500
239,720
240,832
241,2500
242,2172
243,508
244,1684
245,936
246,1504
247,928
248,320
249,1652
250,512
251,1504
252,828
253,2072
254,1040
255,900
256,1392
257,1960
258,1472
259,620
260,3336
261,1132
262,2204
263,836
264,1720
265,1164
266,1756
267,1468
268,968
269,1520
270,1032
271,696
272,472
273,1484
274,572
275,1144
276,916
277,1608
278,300
279,1472
280,1452
281,1620
282,1496
283,1016
284,404
285,1648
286,580
287,480
288,1172
289,1340
290,1716
291,1668
292,1008
293,1056
294,1760
295,1132
296,596
297,992
298,920
299,676
300,2372
301,1144
302,516
303,792
304,480
305,516
306,912
307,188
308,860
309,696
310,2320
311,1688
312,360
313,640
314,740
315,296
316,824
317,2264
318,2508
319,1404
320,872
321,1524
322,768
323,2144
324,1020
325,432
326,576
327,1852
328,704
329,912
330,636
331,940
332,796
333,1312
334,2344
335,1364
336,1592
337,696
338,1364
339,3028
340,792
341,824
342,844
343,1308
344,616
345,736
346,1476
347,312
348,2752
349,1324
350,1836
351,1548
352,376
353,324
354,1864
355,2672
356,1864
357,2636
358,1808
359,1492
360,1100
361,1196
362,324
363,732
364,852
365,1388
366,1564
367,908
368,1960
369,308
370,1320
371,1880
372,1700
373,1008
374,2692
375,632
376,1068
377,2044
378,1080
379,756
380,1856
381,884
382,1208
383,2860
384,1900
385,1824
386,200
387,1116
388,1036
389,580
390,1852
391,1128
392,736
393,1792
394,1840
395,884
396,1864
397,1452
398,528
399,796
400,160
401,2024
402,1148
403,636
404,1508
405,2368
406,1004
407,1112
408,2600
409,936
410,664
411,912
412,1284
413,188
414,560
415,1656
416,240
417,3188
418,668
419,736
420,720
421,1024
422,1376
423,1944
424,1148
425,1840
426,416
427,980
428,2364
429,3616
430,800
431,788
432,1108
433,1388
434,728
435,1092
436,1380
437,1116
438,664
439,732
440,1488
441,2876
442,3152
443,1340
444,1288
445,1592
446,1156
447,2400
448,1168
449,1820
450,788
451,568
452,2364
453,1248
454,964
455,864
456,228
457,1808
458,832
459,1224
460,1108
461,676
462,3076
463,2064
464,2484
465,440
466,1120
467,1148
468,1904
469,2808
470,908
471,3472
472,888
473,1456
474,1148
475,592
476,1588
477,820
478,452
479,1388
480,1428
481,2228
482,488
483,1548
484,1204
485,1052
486,1080
487,1768
488,692
489,652
490,1424
491,820
492,948
493,1136
494,2188
495,580
496,1212
497,1608
498,1636
499,1344
500,1532
501,1028
502,1620
503,868
504,872
505,1140
506,1048
507,1904
508,968
509,1532
510,1040
511,480
512,592
513,540
514,1612
515,1508
516,1592
517,324
518,1372
519,496
520,1896
521,416
522,1212
523,1572
524,2416
525,1712
526,1108
527,1576
528,592
529,1116
530,2088
531,460
532,1204
533,1324
534,1052
535,1552
536,988
537,536
538,1548
539,1020
540,512
541,544
542,776
543,1784
544,2924
545,620
546,1216
547,748
548,2176
549,452
550,1448
551,996
552,2116
553,1108
554,948
555,684
556,532
557,1688
558,784
559,1640
560,2328
561,1456
562,1452
563,3284
564,920
565,1276
566,1004
567,1500
568,1088
569,568
570,1684
571,2628
572,1780
573,1356
574,1064
575,816
576,696
577,1156
578,836
579,1120
580,644
581,1252
582,1672
583,756
584,1004
585,1980
586,1680
587,956
588,1792
589,2712
590,480
591,1440
592,1180
593,752
594,264
595,2624
596,1564
597,1728
598,724
599,512
600,1352
601,1044
602,488
603,3616
604,2676
605,596
606,820
607,468
608,956
609,1472
610,5924
611,1148
612,200
613,1328
614,556
615,388
616,1968
617,1316
618,2528
619,904
620,3556
621,608
622,1272
623,1300
624,1580
625,1500
626,684
627,1896
628,560
629,1196
630,944
631,664
632,1880
633,1576
634,1300
635,3076
636,1864
637,1824
638,1396
639,476
640,2344
641,2136
642,3124
643,2428
644,128
645,2880
646,520
647,524
648,1196
649,2312
650,672
651,1620
652,1976
653,488
654,836
655,1136
656,1364
657,1036
658,776
659,1304
660,1348
661,748
662,848
663,1848
664,3028
665,1080
666,1576
667,1732
668,748
669,1720
670,612
671,1168
672,2748
673,1640
674,2204
675,640
676,1132
677,1588
678,664
679,1204
680,1000
681,3248
682,1600
683,852
684,736
685,576
686,856
687,948
688,904
689,1296
690,1788
691,948
692,1484
693,444
694,1440
695,2916
696,1624
697,1332
698,692
699,1796
700,2960
701,1876
702,444
703,220
704,1596
705,1428
706,1876
707,1340
708,1952
709,908
710,1540
711,908
712,3004
713,120
714,2428
715,1356
716,1036
717,696
718,916
719,748
720,1568
721,1152
722,1484
723,1016
724,492
725,796
726,540
727,892
728,1108
729,732
730,216
731,1208
732,880
733,1480
734,764
735,240
736,1916
737,672
738,1216
739,640
740,1020
741,1796
742,2708
743,2976
744,2520
745,468
746,540
747,516
748,1460
749,1232
750,2628
751,944
752,1940
753,3116
754,2172
755,824
756,1704
757,1004
758,3216
759,1128
760,2412
761,780
762,1352
763,1060
764,272
765,492
766,784
767,1368
768,2532
769,2452
770,1364
771,580
772,2284
773,424
774,1716
775,1400
776,1500
777,752
778,1004
779,1624
780,1540
781,1440
782,1304
783,712
784,904
785,552
786,1760
787,1640
788,1584
789,2824
790,1248
791,1620
792,1324
793,1472
794,948
795,1552
796,328
797,2116
798,796
799,556
800,1616
801,1808
802,416
803,1012
804,732
805,1884
806,856
807,1564
808,1296
809,1668
810,848
811,1540
812,2504
813,2732
814,1516
815,988
816,1716
817,452
818,700
819,908
820,932
821,944
822,2988
823,2840
824,536
825,540
826,1584
827,1428
828,1404
829,568
830,3388
831,1304
832,976
833,1764
834,3192
835,2268
836,900
837,2008
838,2660
839,1420
840,1936
841,2612
842,1440
843,2368
844,2576
845,3056
846,652
847,1860
848,1552
849,1268
850,1676
851,788
852,3232
853,2868
854,960
855,1720
856,1508
857,2828
858,2352
859,300
860,708
861,2592
862,480
863,1788
864,1660
865,724
866,600
867,1384
868,648
869,1156
870,1896
871,804
872,2408
873,1592
874,1192
875,1884
876,2788
877,860
878,2416
879,2552
880,716
881,1468
882,2092
883,1260
884,1328
885,1276
886,516
887,1688
888,1424
889,1288
890,1200
891,3132
892,1208
893,3576
894,672
895,1372
896,1832
897,1440
898,916
899,944
900,1548
901,3004
902,628
903,1868
904,968
905,664
906,640
907,3412
908,696
909,3052
910,3240
911,500
912,1164
913,664
914,2288
915,464
916,2680
917,480
918,1408
919,1392
920,1048
921,784
922,3724
923,788
924,1276
925,456
926,1148
927,548
928,428
929,2736
930,1744
931,1508
932,1848
933,1220
934,2652
935,956
936,1796
937,1124
938,788
939,1360
940,1308
941,1676
942,2496
943,1284
944,3012
945,1544
946,488
947,1708
948,1268
949,608
950,412
951,924
952,512
953,3008
954,1592
955,716
956,736
957,2776
958,1128
959,628
960,2324
961,1144
962,1556
963,712
964,1112
965,1152
966,1164
967,1400
968,1420
969,1140
970,2684
971,732
972,1996
973,1552
974,1168
975,724
976,752
977,824
978,2108
979,596
980,2508
981,496
982,748
983,704
984,1232
985,2380
986,1008
987,1928
988,856
989,1108
990,2672
991,1700
992,4484
993,704
994,756
995,1020
996,752
997,1248
998,1228
999,572
1000,832
1001,468
1002,1812
1003,728
1004,1744
1005,1300
1006,748
1007,716
1008,972
1009,2380
1010,428
1011,948
1012,420
1013,1244
1014,1132
1015,628
1016,652
1017,1504
1018,684
1019,2796
1020,1344
1021,608
1022,156
1023,2220
1024,656
1025,1128
1026,1580
1027,1156
1028,700
1029,2820
1030,484
1031,692
1032,636
1033,552
1034,1392
1035,1356
1036,380
1037,1396
1038,308
1039,1140
1040,820
1041,588
1042,552
1043,1620
1044,472
1045,1980
1046,692
1047,1740
1048,392
1049,2552
1050,1756
1051,944
1052,452
1053,1424
1054,1028
1055,2068
1056,844
1057,1392
1058,3064
1059,1836
1060,544
1061,768
1062,1776
1063,464
1064,1388
1065,1560
1066,192
1067,556
1068,1684
1069,1500
1070,1432
1071,1420
1072,1280
1073,1720
1074,768
1075,3004
1076,1760
1077,1376
1078,668
1079,1216
1080,884
1081,1232
1082,1668
1083,804
1084,512
1085,608
1086,1652
1087,1524
1088,2488
1089,1380
1090,1156
1091,688
1092,1220
1093,880
1094,1872
1095,824
1096,1448
1097,1896
1098,2144
1099,2284
1100,1512
1101,1168
1102,1264
1103,1320
1104,2768
1105,724
1106,1424
1107,1792
1108,1880
1109,1492
1110,972
1111,4524
1112,340
1113,1260
1114,1120
1115,1040
1116,1960
1117,896
1118,1136
1119,5756
1120,2428
1121,1220
1122,1752
1123,640
1124,1656
1125,1312
1126,2432
1127,804
1128,1160
1129,900
1130,1460
1131,1284
1132,692
1133,728
1134,1304
1135,684
1136,3472
1137,1196
1138,660
1139,1252
1140,328
1141,1108
1142,4168
1143,1128
1144,484
1145,1288
1146,2184
1147,1140
1148,1028
1149,1588
1150,832
1151,1012
1152,732
1153,2848
1154,808
1155,680
1156,1196
1157,1448
1158,204
1159,1448
1160,220
1161,760
1162,548
1163,1452
1164,420
1165,2732
1166,2128
1167,2120
1168,1320
1169,1852
1170,2968
1171,1036
1172,432
1173,2688
1174,776
1175,2092
1176,2068
1177,584
1178,584
1179,512
1180,2612
1181,996
1182,1104
1183,2648
1184,1048
1185,880
1186,1740
1187,2252
1188,472
1189,1372
1190,1544
1191,1660
1192,1488
1193,2672
1194,1876
1195,636
1196,1988
1197,1496
1198,1956
1199,2216
1200,1360
1201,1120
1202,1096
1203,840
1204,2760
1205,2800
1206,704
1207,676
1208,1556
1209,856
1210,628
1211,788
1212,1276
1213,2508
1214,1320
1215,524
1216,2892
1217,596
1218,2448
1219,4968
1220,2400
1221,3204
1222,1496
1223,580
1224,824
1225,1160
1226,2656
1227,912
1228,1596
1229,2184
1230,2872
1231,648
1232,1408
1233,724
1234,336
1235,740
1236,312
1237,1196
1238,3776
1239,1040
1240,2092
1241,1140
1242,324
1243,668
1244,1300
1245,1592
1246,992
1247,1648
1248,1452
1249,2656
1250,1104
1251,488
1252,4292
1253,1280
1254,768
1255,1440
1256,3572
1257,576
1258,1596
1259,2076
1260,1296
1261,648
1262,1336
1263,1420
1264,2728
1265,680
1266,1604
1267,472
1268,624
1269,1420
1270,2256
1271,1448
1272,448
1273,1228
1274,1352
1275,628
1276,304
1277,2560
1278,1664
1279,2904
1280,1552
1281,1252
1282,1116
1283,1380
1284,3248
1285,1876
1286,524
1287,936
1288,2820
1289,744
1290,756
1291,692
1292,3396
1293,188
1294,668
1295,1092
1296,1700
1297,1504
1298,1112
1299,2532
1300,608
1301,868
1302,1752
1303,760
1304,2912
1305,584
1306,2628
1307,364
1308,228
1309,2112
1310,732
1311,740
1312,716
1313,1384
1314,544
1315,1096
1316,3000
1317,5940
1318,2852
1319,1760
1320,456
1321,1416
1322,2748
1323,4104
1324,1488
1325,1276
1326,1556
1327,3164
1328,1500
1329,3812
1330,1632
1331,2580
1332,916
1333,1300
1334,616
1335,3252
1336,656
1337,1512
1338,232
1339,3336
1340,308
1341,2588
1342,600
1343,1028
1344,2728
1345,2244
1346,800
1347,4216
1348,3804
1349,1264
1350,1476
1351,1604
1352,3840
1353,784
1354,2292
1355,2904
1356,1332
1357,2396
1358,1680
1359,1288
1360,1448
1361,2908
1362,2696
1363,1000
1364,1800
1365,1444
1366,1500
1367,2448
1368,1532
1369,720
1370,3004
1371,4492
1372,488
1373,1272
1374,1576
1375,544
1376,2472
1377,1372
1378,2768
1379,1556
1380,2032
1381,724
1382,5684
1383,3252
1384,3684
1385,2112
1386,688
1387,1736
1388,1044
1389,1048
1390,2928
1391,1176
1392,1464
1393,1304
1394,708
1395,2036
1396,1140
1397,1416
1398,596
1399,1468
1400,500
1401,884
1402,664
1403,1216
1404,1188
1405,3080
1406,1956
1407,908
1408,264
1409,1140
1410,1208
1411,492
1412,1268
1413,1432
1414,700
1415,2752
1416,1128
1417,1744
1418,1796
1419,1448
1420,1964
1421,2160
1422,2380
1423,1648
1424,680
1425,960
1426,1012
1427,1412
1428,1768
1429,1320
1430,1156
1431,1040
1432,1616
1433,1160
1434,3508
1435,644
1436,1564
1437,1748
1438,220
1439,612
1440,1956
1441,1168
1442,1248
1443,728
1444,3400
1445,3056
1446,3308
1447,1340
1448,2288
1449,2252
1450,1972
1451,1280
1452,668
1453,1388
1454,728
1455,1256
1456,2804
1457,572
1458,420
1459,1816
1460,1428
1461,2652
1462,3068
1463,4724
1464,2088
1465,2112
1466,2936
1467,2340
1468,3020
1469,1724
1470,2972
1471,2544
1472,684
1473,2144
1474,1800
1475,2204
1476,1672
1477,2636
1478,612
1479,1504
1480,1220
1481,596
1482,2780
1483,1600
1484,1472
1485,776
1486,764
1487,1528
1488,488
1489,592
1490,1068
1491,488
1492,1504
1493,2288
1494,1320
1495,2312
1496,3212
1497,2788
1498,1204
1499,1732
1500,2068
1501,424
1502,3224
1503,3864
1504,3228
1505,604
1506,2816
1507,724
1508,1304
1509,1736
1510,2148
1511,796
1512,1048
1513,512
1514,720
1515,1216
1516,3064
1517,1156
1518,1060
1519,1008
1520,1980
1521,1256
1522,3444
1523,1560
1524,328
1525,1108
1526,2172
1527,944
1528,296
1529,1500
1530,2408
1531,1904
1532,1464
1533,2784
1534,2700
1535,720
1536,1696
1537,2080
1538,1560
1539,444
1540,2552
1541,1824
1542,1468
1543,3216
1544,2392
1545,5564
1546,1456
1547,724
1548,520
1549,936
1550,1248
1551,2684
1552,1420
1553,2144
1554,784
1555,1760
1556,1676
1557,3092
1558,276
1559,496
1560,340
1561,1368
1562,1744
1563,2080
1564,464
1565,1448
1566,1532
1567,1100
1568,884
1569,1744
1570,1408
1571,1528
1572,1680
1573,1912
1574,1452
1575,3172
1576,1968
1577,1408
1578,2240
1579,2748
1580,568
1581,2452
1582,352
1583,760
1584,1476
1585,4192
1586,3056
1587,1024
1588,1824
1589,1524
1590,364
1591,1204
1592,436
1593,3136
1594,2544
1595,2040
1596,1324
1597,2268
1598,204
1599,336
1600,560
1601,884
1602,1532
1603,1472
1604,696
1605,1396
1606,692
1607,756
1608,1804
1609,796
1610,2236
1611,624
1612,548
1613,1124
1614,1740
1615,1620
1616,1320
1617,620
1618,2452
1619,944
1620,1000
1621,2492
1622,1532
1623,1484
1624,1336
1625,1352
1626,4432
1627,2660
1628,2416
1629,2948
1630,1416
1631,2056
1632,892
1633,1088
1634,1148
1635,3524
1636,1820
1637,2876
1638,1368
1639,648
1640,3752
1641,688
1642,724
1643,2888
1644,1120
1645,1472
1646,1412
1647,872
1648,1104
1649,1652
1650,2772
1651,1440
1652,1616
1653,1204
1654,1432
1655,1064
1656,2148
1657,564
1658,3264
1659,772
1660,720
1661,3124
1662,1316
1663,432
1664,688
1665,1328
1666,3328
1667,948
1668,4848
1669,488
1670,692
1671,2740
1672,2364
1673,1884
1674,3412
1675,860
1676,3196
1677,920
1678,656
1679,2852
1680,748
1681,996
1682,1172
1683,1168
1684,1328
1685,2616
1686,812
1687,1308
1688,1384
1689,1828
1690,1052
1691,2860
1692,3516
1693,1320
1694,1488
1695,2056
1696,1312
1697,532
1698,2328
1699,1500
1700,1316
1701,1340
1702,660
1703,3424
1704,980
1705,1116
1706,396
1707,3604
1708,4728
1709,1204
1710,2752
1711,2972
1712,1796
1713,1248
1714,3260
1715,1356
1716,2368
1717,1464
1718,492
1719,632
1720,3152
1721,2900
1722,1204
1723,1776
1724,3252
1725,2880
1726,3092
1727,376
1728,2748
1729,968
1730,3076
1731,2868
1732,2736
1733,308
1734,2428
1735,1592
1736,976
1737,1256
1738,1692
1739,688
1740,2320
1741,1160
1742,656
1743,3424
1744,844
1745,772
1746,784
1747,2336
1748,1456
1749,1244
1750,1500
1751,2924
1752,3196
1753,964
1754,860
1755,1264
1756,1540
1757,1468
1758,2976
1759,1444
1760,6300
1761,1104
1762,480
1763,3480
1764,776
1765,1324
1766,568
1767,1352
1768,1540
1769,3268
1770,756
1771,2224
1772,2384
1773,2356
1774,916
1775,2976
1776,3124
1777,1224
1778,2404
1779,2424
1780,612
1781,1040
1782,2308
1783,1460
1784,2136
1785,704
1786,908
1787,1788
1788,1760
1789,1560
1790,1092
1791,2720
1792,3600
1793,3264
1794,1712
1795,2612
1796,1372
1797,800
1798,1516
1799,1172
1800,1392
1801,1376
1802,1744
1803,644
1804,1024
1805,2516
1806,616
1807,3184
1808,2544
1809,1844
1810,2964
1811,2700
1812,1284
1813,1716
1814,1448
1815,1276
1816,820
1817,728
1818,704
1819,1128
1820,2852
1821,3820
1822,2492
1823,388
1824,1020
1825,4420
1826,1796
1827,1524
1828,1300
1829,1508
1830,1108
1831,2480
1832,1368
1833,3008
1834,2700
1835,7916
1836,1276
1837,2712
1838,424
1839,508
1840,3180
1841,1020
1842,4384
1843,1060
1844,604
1845,3928
1846,684
1847,2032
1848,1964
1849,616
1850,2748
1851,4196
1852,720
1853,1108
1854,2968
1855,1604
1856,1632
1857,5116
1858,1984
1859,536
1860,1444
1861,2304
1862,564
1863,2836
1864,1520
1865,1364
1866,3544
1867,1656
1868,320
1869,372
1870,1220
1871,1412
1872,2348
1873,1508
1874,1024
1875,2552
1876,3672
1877,2420
1878,3172
1879,2484
1880,2460
1881,1024
1882,3028
1883,3156
1884,3284
1885,4204
1886,2464
1887,1276
1888,2256
1889,2112
1890,1260
1891,1152
1892,2140
1893,1228
1894,612
1895,780
1896,1508
1897,1340
1898,1028
1899,2484
1900,3460
1901,1600
1902,1504
1903,348
1904,1300
1905,660
1906,560
1907,1896
1908,2724
1909,3108
1910,1340
1911,3392
1912,1048
1913,2888
1914,300
1915,888
1916,3636
1917,2964
1918,5748
1919,1708
1920,2808
1921,1376
1922,2852
1923,692
1924,576
1925,2060
1926,1048
1927,3196
1928,2416
1929,1488
1930,2564
1931,1696
1932,2672
1933,2844
1934,1528
1935,3380
1936,888
1937,1404
1938,1744
1939,1820
1940,4128
1941,676
1942,456
1943,1656
1944,1324
1945,5096
1946,620
1947,2304
1948,956
1949,1296
1950,1564
1951,1844
1952,676
1953,3596
1954,1376
1955,2696
1956,1004
1957,988
1958,3312
1959,1764
1960,1468
1961,3164
1962,1424
1963,1812
1964,696
1965,2444
1966,3068
1967,820
1968,2704
1969,2856
1970,6428
1971,628
1972,2548
1973,2536
1974,1464
1975,1208
1976,996
1977,796
1978,2144
1979,1996
1980,1160
1981,2408
1982,2264
1983,768
1984,2976
1985,1328
1986,736
1987,1684
1988,2868
1989,2840
1990,1368
1991,1296
1992,3056
1993,1552
1994,1076
1995,708
1996,3184
1997,3820
1998,1560
1999,264
2000,384
2001,464
2002,1184
2003,1548
2004,1068
2005,1596
2006,2912
2007,3488
2008,1268
2009,1224
2010,908
2011,636
2012,1956
2013,2660
2014,2740
2015,1604
2016,3020
2017,2560
2018,248
2019,1904
2020,1948
2021,1592
2022,2292
2023,1432
2024,1352
2025,992
2026,660
2027,596
2028,2180
2029,360
2030,1512
2031,776
2032,3224
2033,224
2034,580
2035,2080
2036,2192
2037,232
2038,1040
2039,1436
2040,1984
2041,1288
2042,2472
2043,604
2044,1472
2045,1668
2046,2180
2047,312
2048,1480
2049,1788
2050,1688
2051,1688
2052,3100
2053,2212
2054,1428
2055,2700
2056,592
2057,2028
2058,1492
2059,5248
2060,2060
2061,2592
2062,1452
2063,2768
2064,1668
2065,2608
2066,2888
2067,2848
2068,1440
2069,1868
2070,2652
2071,1260
2072,1576
2073,640
2074,2664
2075,2452
2076,932
2077,2928
2078,1796
2079,1756
2080,1480
2081,196
2082,2364
2083,2536
2084,4380
2085,944
2086,1576
2087,2648
2088,5624
2089,1772
2090,964
2091,2392
2092,2468
2093,1740
2094,992
2095,3808
2096,2816
2097,1628
2098,2360
2099,2060
2100,6752
2101,1668
2102,3440
2103,3360
2104,2452
2105,2756
2106,588
2107,1720
2108,1300
2109,540
2110,1524
2111,988
2112,2868
2113,2020
2114,1412
2115,5616
2116,1408
2117,1412
2118,496
2119,1272
2120,1664
2121,1580
2122,2956
2123,488
2124,2052
2125,1336
2126,2936
2127,2044
2128,1660
2129,708
2130,1672
2131,1404
2132,2720
2133,2856
2134,2156
2135,520
2136,2588
2137,3412
2138,1796
2139,2108
2140,1396
2141,1676
2142,1796
2143,2388
2144,1968
2145,1600
2146,4716
2147,1216
2148,1348
2149,1756
2150,1768
2151,628
2152,472
2153,2816
2154,2620
2155,3216
2156,1440
2157,748
2158,1756
2159,2892
2160,1644
2161,3232
2162,2952
2163,692
2164,2324
2165,720
2166,3076
2167,2932
2168,1952
2169,1072
2170,2144
2171,2712
2172,3184
2173,3200
2174,3500
2175,2580
2176,2516
2177,1496
2178,1476
2179,1112
2180,1352
2181,5468
2182,2120
2183,1516
2184,3616
2185,2756
2186,1264
2187,1260
2188,2912
2189,2880
2190,5228
2191,2612
2192,3360
2193,2176
2194,1544
2195,916
2196,292
2197,1688
2198,2424
2199,2104
2200,1080
2201,3032
2202,1740
2203,1724
2204,3192
2205,5724
2206,3160
2207,1404
2208,904
2209,1720
2210,5456
2211,2428
2212,5176
2213,1144
2214,3336
2215,1036
2216,2236
2217,2844
2218,2404
2219,3200
2220,1736
2221,1556
2222,3372
2223,1724
2224,1112
2225,2004
2226,860
2227,3452
2228,4336
2229,664
2230,1548
2231,1304
2232,2304
2233,2340
2234,2960
2235,1568
2236,988
2237,2948
2238,1376
2239,2428
2240,1172
2241,864
2242,2116
2243,1228
2244,2436
2245,2968
2246,992
2247,2168
2248,3088
2249,1324
2250,1504
2251,2644
2252,1984
2253,748
2254,544
2255,2152
2256,1320
2257,5524
2258,4328
2259,956
2260,3992
2261,2788
2262,3712
2263,704
2264,1680
2265,2932
2266,888
2267,5200
2268,928
2269,2360
2270,1504
2271,5076
2272,472
2273,3596
2274,864
2275,2324
2276,5172
2277,5300
2278,3184
2279,636
2280,1052
2281,4088
2282,1396
2283,1648
2284,1464
2285,672
2286,1348
2287,2040
2288,3004
2289,940
2290,868
2291,1640
2292,2436
2293,1220
2294,1604
2295,1760
2296,1020
2297,1664
2298,2008
2299,764
2300,2468
2301,3388
2302,1296
2303,1748
2304,5392
2305,2760
2306,3008
2307,2468
2308,2632
2309,1492
2310,2724
2311,2600
2312,2304
2313,1628
2314,3224
2315,1044
2316,3652
2317,2216
2318,5396
2319,3056
2320,2644
2321,1164
2322,2976
2323,3128
2324,4112
2325,764
2326,3260
2327,2180
2328,3680
2329,1188
2330,3412
2331,1112
2332,1592
2333,784
2334,2164
2335,952
2336,2280
2337,1652
2338,2200
2339,656
2340,328
2341,2528
2342,1108
2343,2848
2344,3416
2345,360
2346,1096
2347,1348
2348,5736
2349,3060
2350,3608
2351,3184
2352,5600
2353,1012
2354,3028
2355,1284
2356,692
2357,1828
2358,2940
2359,1452
2360,1660
2361,608
2362,4216
2363,3916
2364,1392
2365,1600
2366,1996
2367,3608
2368,3168
2369,1564
2370,3452
2371,224
2372,1172
2373,2768
2374,2244
2375,2004
2376,1088
2377,736
2378,292
2379,696
2380,1516
2381,2452
2382,3516
2383,2648
2384,1428
2385,1016
2386,3384
2387,1236
2388,1544
2389,3288
2390,1756
2391,724
2392,1624
2393,1220
2394,1412
2395,1668
2396,1408
2397,636
2398,1620
2399,3296
2400,3936
2401,2496
2402,308
2403,1868
2404,1040
2405,944
2406,992
2407,1124
2408,1412
2409,3268
2410,1556
2411,3176
2412,1560
2413,324
2414,1640
2415,2956
2416,1380
2417,460
2418,3240
2419,1232
2420,2152
2421,2460
2422,300
2423,1024
2424,1360
2425,600
2426,2988
2427,2760
2428,1824
2429,4060
2430,2864
2431,3236
2432,2828
2433,4244
2434,1476
2435,2436
2436,1376
2437,3892
2438,1852
2439,580
2440,2612
2441,5452
2442,2844
2443,3220
2444,1688
2445,140
2446,992
2447,1396
2448,2100
2449,3504
2450,1604
2451,276
2452,1976
2453,1848
2454,1428
2455,1852
2456,3644
2457,1008
2458,6524
2459,844
2460,904
2461,2596
2462,1496
2463,2668
2464,1308
2465,672
2466,1608
2467,1488
2468,808
2469,3248
2470,2860
2471,1300
2472,2780
2473,7212
2474,2496
2475,2616
2476,1432
2477,3052
2478,624
2479,896
2480,3040
2481,6824
2482,1324
2483,1752
2484,2624
2485,1840
2486,2888
2487,2360
2488,2472
2489,1892
2490,1260
2491,1568
2492,1924
2493,636
2494,944
2495,1408
2496,2052
2497,1528
2498,1280
2499,2620
2500,1356
2501,4060
2502,1476
2503,1340
2504,1472
2505,2072
2506,1548
2507,1412
2508,1616
2509,1516
2510,3040
2511,2256
2512,3280
2513,2804
2514,1500
2515,2444
2516,2472
2517,7044
2518,3584
2519,1404
2520,636
2521,2892
2522,2776
2523,1884
2524,3700
2525,3968
2526,576
2527,1244
2528,1796
2529,208
2530,1376
2531,2528
2532,1492
2533,2516
2534,1640
2535,1444
2536,2328
2537,876
2538,2520
2539,712
2540,224
2541,596
2542,1712
2543,996
2544,1084
2545,3024
2546,736
2547,1432
2548,2140
2549,660
2550,2324
2551,3076
2552,964
2553,1508
2554,2700
2555,1612
2556,1328
2557,2756
2558,1064
2559,2496
2560,3168
2561,3756
2562,4700
2563,1188
2564,1128
2565,2224
2566,3188
2567,3208
2568,1400
2569,5368
2570,1476
2571,3120
2572,1648
2573,1468
2574,1212
2575,2076
2576,1432
2577,1560
2578,3696
2579,1532
2580,3000
2581,1540
2582,3448
2583,1348
2584,2512
2585,3328
2586,1196
2587,4972
2588,2120
2589,4996
2590,3120
2591,4556
2592,1716
2593,5356
2594,552
2595,2512
2596,2332
2597,1820
2598,2868
2599,2084
2600,1740
2601,3316
2602,2744
2603,848
2604,2392
2605,1020
2606,2084
2607,1628
2608,2748
2609,2164
2610,1636
2611,2048
2612,1256
2613,1244
2614,3896
2615,2276
2616,3292
2617,2556
2618,1056
2619,224
2620,4216
2621,1544
2622,2032
2623,3036
2624,328
2625,3588
2626,1580
2627,916
2628,3924
2629,1868
2630,1884
2631,6836
2632,5140
2633,1496
2634,1108
2635,1260
2636,2208
2637,1292
2638,1192
2639,4628
2640,600
2641,2304
2642,576
2643,2148
2644,3388
2645,1936
2646,2304
2647,5560
2648,3096
2649,2496
2650,1464
2651,1044
2652,3452
2653,1468
2654,3112
2655,4568
2656,2184
2657,1324
2658,1272
2659,2740
2660,1712
2661,2820
2662,1160
2663,1864
2664,1436
2665,2408
2666,3872
2667,3712
2668,632
2669,2452
2670,1332
2671,3400
2672,2240
2673,3708
2674,828
2675,580
2676,1340
2677,2120
2678,2848
2679,4148
2680,3048
2681,3092
2682,1436
2683,516
2684,4208
2685,612
2686,796
2687,516
2688,1140
2689,2976
2690,1776
2691,6452
2692,1440
2693,2684
2694,6360
2695,1900
2696,1804
2697,632
2698,4568
2699,2332
2700,2152
2701,3380
2702,2784
2703,3552
2704,2968
2705,2704
2706,2636
2707,1144
2708,600
2709,1268
2710,5540
2711,4808
2712,1640
2713,2128
2714,1404
2715,244
2716,864
2717,1324
2718,4664
2719,2888
2720,3388
2721,1452
2722,2456
2723,1564
2724,2692
2725,3444
2726,2128
2727,2416
2728,3320
2729,1064
2730,2160
2731,3284
2732,1280
2733,596
2734,2972
2735,248
2736,1640
2737,2160
2738,1040
2739,3800
2740,2408
2741,1048
2742,1800
2743,1296
2744,2640
2745,1304
2746,2992
2747,3020
2748,4172
2749,908
2750,1664
2751,3248
2752,1972
2753,1120
2754,4260
2755,2300
2756,6216
2757,5232
2758,708
2759,3256
2760,2688
2761,2376
2762,2032
2763,3732
2764,1864
2765,2348
2766,1464
2767,2524
2768,1492
2769,1376
2770,5532
2771,3052
2772,4228
2773,1440
2774,2176
2775,1388
2776,3508
2777,1716
2778,3972
2779,2036
2780,3240
2781,2868
2782,3184
2783,2252
2784,3416
2785,2812
2786,5236
2787,2896
2788,1468
2789,1756
2790,6412
2791,3460
2792,1408
2793,1060
2794,4656
2795,1396
2796,5840
2797,1100
2798,3116
2799,1168
2800,1468
2801,2512
2802,1688
2803,3236
2804,2548
2805,1072
2806,1168
2807,1052
2808,2936
2809,3676
2810,972
2811,3324
2812,3212
2813,912
2814,964
2815,3336
2816,4192
2817,4104
2818,3088
2819,1744
2820,4972
2821,416
2822,3800
2823,2444
2824,2556
2825,1120
2826,2896
2827,764
2828,2392
2829,528
2830,2240
2831,1892
2832,2552
2833,2764
2834,5500
2835,3404
2836,1860
2837,2056
2838,3188
2839,2492
2840,820
2841,2428
2842,1532
2843,3100
2844,2752
2845,3312
2846,5976
2847,1348
2848,2484
2849,672
2850,896
2851,5324
2852,1552
2853,1396
2854,2428
2855,1692
2856,3012
2857,5180
2858,1604
2859,980
2860,524
2861,3512
2862,2324
2863,3404
2864,3192
2865,1696
2866,1284
2867,1532
2868,836
2869,4832
2870,3492
2871,3388
2872,4660
2873,4616
2874,644
2875,5804
2876,3208
2877,3092
2878,3140
2879,816
2880,2768
2881,3108
2882,4512
2883,3508
2884,1444
2885,2232
2886,3184
2887,3608
2888,1520
2889,2420
2890,4852
2891,5232
2892,3484
2893,3092
2894,5468
2895,1628
2896,3948
2897,1640
2898,1604
2899,1328
2900,3844
2901,1644
2902,2596
2903,4080
2904,1444
2905,5112
2906,3688
2907,1352
2908,5380
2909,1448
2910,632
2911,516
2912,2272
2913,3756
2914,448
2915,1780
2916,4628
2917,2796
2918,1740
2919,1460
2920,1272
2921,1380
2922,568
2923,1552
2924,4052
2925,3568
2926,2412
2927,2332
2928,1344
2929,2712
2930,5364
2931,6652
2932,1424
2933,1292
2934,1832
2935,3196
2936,908
2937,548
2938,3500
2939,3464
2940,2548
2941,5424
2942,3756
2943,484
2944,1540
2945,2256
2946,3244
2947,1096
2948,1808
2949,700
2950,1368
2951,1692
2952,4980
2953,3812
2954,1920
2955,1424
2956,3116
2957,2696
2958,3028
2959,1608
2960,1656
2961,1304
2962,1476
2963,1572
2964,1744
2965,796
2966,424
2967,1476
2968,2548
2969,1620
2970,1120
2971,6016
2972,2328
2973,2000
2974,2432
2975,1236
2976,2816
2977,384
2978,2472
2979,1520
2980,1652
2981,1324
2982,1600
2983,3032
2984,3040
2985,2316
2986,1780
2987,1356
2988,3224
2989,1720
2990,1416
2991,3080
2992,1372
2993,4884
2994,2200
2995,312
2996,2972
2997,5476
2998,2360
2999,2708
3000,2100
3001,1476
3002,2408
3003,3200
3004,3040
3005,1152
3006,3324
3007,1720
3008,3380
3009,2012
3010,2816
3011,1564
3012,5516
3013,1388
3014,3008
3015,3984
3016,2308
3017,1864
3018,1348
3019,2336
3020,756
3021,3216
3022,1336
3023,1768
3024,3036
3025,2528
3026,1932
3027,5704
3028,1548
3029,1188
3030,1084
3031,3216
3032,3888
3033,4228
3034,532
3035,3520
3036,2324
3037,2384
3038,3908
3039,1736
3040,2364
3041,3988
3042,1184
3043,1516
3044,2280
3045,2196
3046,3172
3047,3624
3048,4080
3049,1452
3050,5628
3051,1832
3052,2104
3053,2952
3054,1368
3055,2944
3056,1388
3057,4080
3058,3176
3059,6352
3060,2588
3061,2428
3062,2924
3063,2280
3064,3248
3065,1892
3066,3388
3067,1536
3068,3588
3069,932
3070,4588
3071,4004
3072,1516
3073,1732
3074,2344
3075,1488
3076,1708
3077,5264
3078,1252
3079,3952
3080,2308
3081,1900
3082,1380
3083,3060
3084,1644
3085,680
3086,1352
3087,3240
3088,1516
3089,3004
3090,6700
3091,588
3092,7648
3093,3812
3094,5756
3095,3120
3096,2888
3097,1716
3098,960
3099,2404
3100,3056
3101,1452
3102,3480
3103,2392
3104,6868
3105,672
3106,5752
3107,1876
3108,3972
3109,3420
3110,2184
3111,5136
3112,5644
3113,1004
3114,1176
3115,2264
3116,1492
3117,3164
3118,2304
3119,2192
3120,3084
3121,1304
3122,3372
3123,948
3124,2308
3125,5488
3126,1404
3127,2612
3128,2852
3129,2528
3130,1448
3131,4024
3132,3912
3133,3384
3134,4908
3135,1356
3136,3172
3137,3804
3138,3588
3139,2424
3140,1744
3141,2372
3142,5284
3143,3024
3144,2708
3145,4268
3146,3128
3147,4104
3148,2388
3149,1320
3150,6328
3151,2628
3152,3052
3153,4600
3154,1352
3155,3564
3156,2384
3157,3412
3158,7168
3159,3616
3160,4720
3161,3808
3162,2744
3163,3028
3164,3212
3165,5872
3166,3912
3167,2700
3168,5784
3169,3160
3170,1256
3171,7144
3172,1064
3173,2236
3174,1472
3175,3100
3176,5452
3177,2248
3178,5616
3179,2444
3180,2476
3181,1704
3182,3228
3183,4856
3184,3844
3185,472
3186,3112
3187,1780
3188,4880
3189,2760
3190,3588
3191,552
3192,2480
3193,3056
3194,1404
3195,4000
3196,2792
3197,3536
3198,1656
3199,4828
3200,5464
3201,5512
3202,2280
3203,4644
3204,2840
3205,5352
3206,1824
3207,2004
3208,5420
3209,6696
3210,1116
3211,1708
3212,3632
3213,1472
3214,3636
3215,1840
3216,2152
3217,1056
3218,428
3219,3520
3220,1316
3221,5484
3222,3456
3223,2788
3224,3744
3225,3348
3226,2400
3227,1440
3228,1384
3229,6752
3230,2520
3231,2092
3232,6692
3233,1172
3234,3224
3235,1884
3236,2680
3237,4580
3238,3312
3239,9616
3240,1384
3241,2108
3242,3204
3243,5524
3244,2908
3245,2384
3246,4680
3247,2688
3248,4740
3249,3016
3250,1636
3251,1732
3252,3224
3253,2484
3254,1892
3255,3764
3256,4692
3257,5312
3258,1632
3259,5028
3260,1548
3261,1776
3262,1852
3263,3028
3264,3532
3265,2284
3266,1484
3267,5132
3268,3488
3269,3144
3270,1496
3271,1456
3272,2888
3273,2444
3274,480
3275,2260
3276,1200
3277,5268
3278,1324
3279,2516
3280,3448
3281,1752
3282,4236
3283,3072
3284,2900
3285,1372
3286,2380
3287,4328
3288,4152
3289,5524
3290,3060
3291,2992
3292,2536
3293,2784
3294,2748
3295,3108
3296,3012
3297,1260
3298,2772
3299,6240
3300,2064
3301,3780
3302,5772
3303,6052
3304,3832
3305,5632
3306,1416
3307,1768
3308,5548
3309,1452
3310,580
3311,3816
3312,1156
3313,3072
3314,2948
3315,3188
3316,6232
3317,2932
3318,3588
3319,6600
3320,1480
3321,1368
3322,2148
3323,7188
3324,2328
3325,1400
3326,3420
3327,2704
3328,2288
3329,3328
3330,4864
3331,2292
3332,2820
3333,1328
3334,5676
3335,1668
3336,2704
3337,892
3338,2720
3339,6876
3340,3268
3341,2472
3342,1468
3343,2844
3344,1288
3345,1740
3346,1272
3347,2540
3348,2816
3349,4860
3350,5196
3351,1672
3352,1588
3353,2184
3354,1020
3355,2284
3356,2456
3357,3060
3358,4980
3359,2128
3360,1572
3361,4988
3362,2940
3363,3128
3364,2008
3365,2896
3366,3160
3367,5472
3368,4984
3369,1608
3370,3336
3371,1048
3372,1564
3373,2612
3374,5144
3375,3392
3376,1580
3377,1016
3378,2544
3379,836
3380,1652
3381,3188
3382,5400
3383,3448
3384,5480
3385,596
3386,1744
3387,6204
3388,5984
3389,3060
3390,2336
3391,6616
3392,3284
3393,4516
3394,3520
3395,4824
3396,5300
3397,2552
3398,1392
3399,2716
3400,7248
3401,6536
3402,1696
3403,3552
3404,3592
3405,5344
3406,2580
3407,3324
3408,3380
3409,1896
3410,1072
3411,5184
3412,1384
3413,3888
3414,5624
3415,2156
3416,3900
3417,2204
3418,2104
3419,3812
3420,3900
3421,3024
3422,2372
3423,672
3424,3280
3425,6736
3426,1640
3427,5856
3428,6244
3429,1940
3430,3112
3431,5056
3432,2912
3433,4628
3434,1692
3435,2656
3436,6012
3437,2412
3438,5556
3439,3144
3440,2544
3441,1132
3442,7604
3443,1400
3444,3540
3445,7128
3446,6812
3447,5352
3448,2520
3449,1660
3450,2384
3451,3324
3452,3684
3453,3248
3454,2380
3455,1568
3456,2860
3457,1140
3458,6548
3459,1336
3460,3208
3461,3152
3462,1560
3463,1296
3464,2984
3465,3204
3466,2584
3467,2976
3468,3036
3469,3204
3470,5940
3471,3096
3472,1448
3473,3264
3474,2540
3475,2368
3476,6172
3477,4628
3478,3804
3479,1556
3480,5436
3481,744
3482,5632
3483,3148
3484,4420
3485,3128
3486,2304
3487,2608
3488,712
3489,2928
3490,6828
3491,3548
3492,728
3493,3064
3494,3324
3495,2080
3496,3092
3497,1980
3498,3144
3499,2572
3500,2712
3501,3464
3502,3220
3503,852
3504,7472
3505,2892
3506,5460
3507,2180
3508,1668
3509,2048
3510,2500
3511,3396
3512,4396
3513,5536
3514,3192
3515,652
3516,1432
3517,540
3518,3952
3519,3196
3520,3024
3521,2424
3522,3688
3523,5880
3524,1532
3525,712
3526,3092
3527,3260
3528,1684
3529,6468
3530,3052
3531,2716
3532,1728
3533,5808
3534,7268
3535,2408
3536,3476
3537,2044
3538,4844
3539,3332
3540,3300
3541,2884
3542,1228
3543,1388
3544,6376
3545,3328
3546,2364
3547,6812
3548,2964
3549,552
3550,4112
3551,3344
3552,3004
3553,1416
3554,3276
3555,4984
3556,3104
3557,3108
3558,1812
3559,4936
3560,2740
3561,1576
3562,1508
3563,1388
3564,4936
3565,2580
3566,6152
3567,5448
3568,6184
3569,4116
3570,5428
3571,3800
3572,3144
3573,1972
3574,5528
3575,2604
3576,2460
3577,2456
3578,5368
3579,1260
3580,2416
3581,2332
3582,6708
3583,3368
3584,3404
3585,3368
3586,1388
3587,3288
3588,2900
3589,2992
3590,6796
3591,868
3592,7376
3593,1920
3594,1516
3595,3064
3596,3144
3597,9552
3598,1652
3599,2844
3600,3204
3601,3136
3602,2224
3603,2320
3604,1552
3605,1544
3606,2972
3607,4228
3608,280
3609,1560
3610,4288
3611,4068
3612,2296
3613,3056
3614,344
3615,3656
3616,6376
3617,2016
3618,1328
3619,4604
3620,4860
3621,2488
3622,3376
3623,3148
3624,3160
3625,1104
3626,2500
3627,1412
3628,3632
3629,3180
3630,1544
3631,2368
3632,2264
3633,760
3634,2828
3635,1948
3636,620
3637,2828
3638,3496
3639,1896
3640,1328
3641,2948
3642,1388
3643,3152
3644,696
3645,1148
3646,1304
3647,2132
3648,1968
3649,1572
3650,3304
3651,3116
3652,3272
3653,1320
3654,1460
3655,3220
3656,3116
3657,4976
3658,3832
3659,5956
3660,6536
3661,652
3662,3312
3663,3836
3664,2388
3665,5620
3666,2092
3667,5636
3668,5192
3669,5260
3670,11472
3671,2008
3672,2384
3673,1416
3674,2796
3675,5724
3676,2180
3677,2596
3678,3792
3679,1820
3680,3176
3681,4904
3682,6732
3683,3432
3684,2768
3685,3252
3686,3744
3687,5444
3688,10220
3689,5356
3690,5528
3691,4304
3692,3088
3693,552
3694,2644
3695,1476
3696,2080
3697,5676
3698,2764
3699,3420
3700,6428
3701,6128
3702,5404
3703,4572
3704,3064
3705,3140
3706,1056
3707,4724
3708,3236
3709,3088
3710,5656
3711,4868
3712,3140
3713,1484
3714,5476
3715,3196
3716,2732
3717,1484
3718,5488
3719,1616
3720,7744
3721,5692
3722,2268
3723,2448
3724,3144
3725,1744
3726,1756
3727,1428
3728,2356
3729,3504
3730,3224
3731,896
3732,1668
3733,7036
3734,2012
3735,3472
3736,3208
3737,7256
3738,5748
3739,2012
3740,3304
3741,2336
3742,5196
3743,1192
3744,3060
3745,7308
3746,2908
3747,3308
3748,2004
3749,2464
3750,6396
3751,1088
3752,6244
3753,1752
3754,2304
3755,1640
3756,2152
3757,5852
3758,1828
3759,3216
3760,6896
3761,1412
3762,2608
3763,3456
3764,2828
3765,5344
3766,3932
3767,2480
3768,6960
3769,3492
3770,1136
3771,6992
3772,5116
3773,1016
3774,2404
3775,1056
3776,5148
3777,5520
3778,1356
3779,1752
3780,1460
3781,3380
3782,2164
3783,960
3784,5152
3785,5008
3786,1756
3787,1524
3788,2416
3789,300
3790,384
3791,3076
3792,2300
3793,3252
3794,5204
3795,1124
3796,3436
3797,2928
3798,3072
3799,1504
3800,1564
3801,3320
3802,3056
3803,3100
3804,1772
3805,5140
3806,3584
3807,2752
3808,3764
3809,5848
3810,1076
3811,3232
3812,5368
3813,1608
3814,2472
3815,2512
3816,1428
3817,4196
3818,544
3819,7064
3820,3592
3821,2908
3822,4188
3823,3188
3824,2588
3825,2816
3826,3324
3827,1384
3828,3580
3829,2852
3830,1492
3831,3088
3832,4316
3833,3384
3834,3256
3835,5364
3836,2420
3837,3448
3838,5708
3839,3036
3840,1976
3841,7196
3842,1432
3843,3224
3844,3532
3845,2916
3846,2208
3847,1544
3848,4632
3849,1424
3850,1740
3851,4936
3852,1924
3853,3180
3854,3200
3855,3400
3856,1716
3857,4800
3858,3168
3859,5140
3860,1444
3861,5428
3862,1484
3863,3072
3864,1164
3865,3048
3866,4652
3867,4712
3868,3132
3869,2944
3870,5004
3871,2344
3872,4884
3873,5328
3874,2316
3875,3260
3876,6452
3877,2224
3878,3448
3879,7300
3880,6304
3881,2760
3882,3088
3883,4716
3884,5596
3885,1824
3886,3936
3887,5556
3888,7040
3889,2444
3890,1184
3891,3372
3892,2792
3893,1692
3894,5332
3895,2184
3896,3996
3897,2092
3898,5296
3899,1416
3900,2084
3901,3668
3902,3180
3903,3148
3904,1364
3905,1960
3906,1468
3907,1392
3908,3060
3909,1248
3910,5484
3911,1796
3912,5420
3913,632
3914,2696
3915,3232
3916,3192
3917,4008
3918,2436
3919,2768
3920,4116
3921,5124
3922,5852
3923,2984
3924,3048
3925,1240
3926,1936
3927,3420
3928,3276
3929,4992
3930,5704
3931,1488
3932,2552
3933,3156
3934,2124
3935,2632
3936,2164
3937,2084
3938,4656
3939,852
3940,3652
3941,1348
3942,1492
3943,5768
3944,1132
3945,3056
3946,2932
3947,600
3948,4600
3949,6364
3950,3288
3951,3576
3952,3160
3953,1720
3954,2480
3955,880
3956,3116
3957,3464
3958,780
3959,2236
3960,3040
3961,1480
3962,3496
3963,6380
3964,3068
3965,3412
3966,4652
3967,7100
3968,3236
3969,4436
3970,5108
3971,3556
3972,2600
3973,852
3974,4952
3975,5072
3976,1548
3977,3292
3978,3516
3979,1440
3980,3096
3981,2716
3982,1224
3983,6992
3984,3412
3985,5032
3986,4084
3987,3360
3988,928
3989,2848
3990,3248
3991,2536
3992,2192
3993,2728
3994,1340
3995,1416
3996,5732
3997,3560
3998,2048
3999,5200
4000,6592
4001,2048
4002,2588
4003,1088
4004,6412
4005,6736
4006,3136
4007,3352
4008,6348
4009,4532
4010,2420
4011,2408
4012,1440
4013,3340
4014,4096
4015,4864
4016,3876
4017,2796
4018,6316
4019,4628
4020,2484
4021,5456
4022,1572
4023,3900
4024,6988
4025,6516
4026,3116
4027,3440
4028,2848
4029,2752
4030,3388
4031,5288
4032,2288
4033,4804
4034,1060
4035,3192
4036,4104
4037,2060
4038,5292
4039,5620
4040,1384
4041,5440
4042,1160
4043,2400
4044,1200
4045,3312
4046,1216
4047,3304
4048,2760
4049,2060
4050,3408
4051,4944
4052,2580
4053,3060
4054,7044
4055,5156
4056,5576
4057,3252
4058,1536
4059,2920
4060,1524
4061,3876
4062,5396
4063,8412
4064,4916
4065,2192
4066,4500
4067,2416
4068,2268
4069,3400
4070,2336
4071,4876
4072,3576
4073,2728
4074,5504
4075,6204
4076,5740
4077,2984
4078,5692
4079,3528
4080,556
4081,3128
4082,600
4083,1924
4084,744
4085,6772
4086,3168
4087,5340
4088,4060
4089,832
4090,4288
4091,2700
4092,1820
4093,3008
4094,7168
4095,2552
4096,3484
4097,2376
4098,3168
4099,2488
4100,2704
4101,400
4102,5372
4103,1396
4104,7224
4105,3788
4106,2156
4107,2548
4108,1344
4109,2008
4110,4620
4111,2456
4112,920
4113,1664
4114,3004
4115,2340
4116,4480
4117,5416
4118,1760
4119,564
4120,3640
4121,4808
4122,752
4123,1456
4124,6452
4125,3916
4126,1208
4127,5416
4128,3092
4129,1284
4130,5772
4131,936
4132,3956
4133,2816
4134,2228
4135,3936
4136,10128
4137,3140
4138,1464
4139,3772
4140,1084
4141,3176
4142,1248
4143,6200
4144,3236
4145,4456
4146,3344
4147,3348
4148,4752
4149,2532
4150,1340
4151,2148
4152,3424
4153,7264
4154,5276
4155,6220
4156,2812
4157,3324
4158,3468
4159,1316
4160,2716
4161,3316
4162,1504
4163,2196
4164,1596
4165,364
4166,3140
4167,1560
4168,1208
4169,6932
4170,2304
4171,3456
4172,2652
4173,3452
4174,2360
4175,3360
4176,11324
4177,5536
4178,3268
4179,6228
4180,1516
4181,3188
4182,6740
4183,6840
4184,7052
4185,5656
4186,6564
4187,3296
4188,7228
4189,3324
4190,4684
4191,3464
4192,5368
4193,4824
4194,1416
4195,3456
4196,3308
4197,3052
4198,2464
4199,7432
4200,6912
4201,2940
4202,1932
4203,3092
4204,1364
4205,6064
4206,4996
4207,5352
4208,6688
4209,5100
4210,1268
4211,3040
4212,6716
4213,1076
4214,1236
4215,3260
4216,2720
4217,3028
4218,2104
4219,1312
4220,3376
4221,2492
4222,3460
4223,5700
4224,1780
4225,1616
4226,1672
4227,5384
4228,3180
4229,1608
4230,1420
4231,1440
4232,3508
4233,1380
4234,2760
4235,3428
4236,6988
4237,1100
4238,2824
4239,4804
4240,3072
4241,3384
4242,5220
4243,2448
4244,2904
4245,572
4246,1020
4247,6448
4248,1480
4249,7064
4250,3296
4251,4288
4252,5024
4253,5096
4254,1068
4255,2276
4256,4684
4257,3044
4258,5000
4259,7300
4260,1312
4261,1976
4262,3280
4263,3308
4264,852
4265,2332
4266,7452
4267,5048
4268,6740
4269,4976
4270,3860
4271,7240
4272,3280
4273,2116
4274,2432
4275,660
4276,3292
4277,7232
4278,3980
4279,3460
4280,5696
4281,2756
4282,2932
4283,1160
4284,3008
4285,1196
4286,2964
4287,3176
4288,2896
4289,5944
4290,1320
4291,6156
4292,3888
4293,7428
4294,2288
4295,5252
4296,4076
4297,2372
4298,4800
4299,3800
4300,2124
4301,4520
4302,2476
4303,2088
4304,2960
4305,5108
4306,3308
4307,6624
4308,2956
4309,2420
4310,7232
4311,3804
4312,1652
4313,1884
4314,3160
4315,3060
4316,6544
4317,4172
4318,8064
4319,692
4320,1548
4321,3200
4322,3804
4323,2596
4324,7176
4325,6988
4326,3440
4327,1464
4328,1380
4329,3460
4330,3164
4331,2300
4332,3108
4333,1408
4334,6664
4335,1676
4336,256
4337,4368
4338,2920
4339,2892
4340,2392
4341,3460
4342,2900
4343,1664
4344,544
4345,2860
4346,4636
4347,5424
4348,5956
4349,3440
4350,648
4351,3196
4352,2136
4353,3288
4354,1844
4355,6688
4356,5012
4357,5572
4358,5272
4359,1508
4360,4584
4361,5708
4362,2556
4363,1572
4364,5560
4365,3712
4366,6252
4367,3684
4368,10736
4369,1636
4370,1528
4371,2424
4372,2796
4373,3120
4374,1464
4375,4468
4376,1344
4377,3196
4378,2580
4379,1524
4380,2756
4381,3160
4382,1044
4383,5556
4384,10200
4385,3172
4386,3268
4387,6296
4388,9740
4389,2544
4390,5456
4391,3748
4392,3104
4393,2116
4394,2968
4395,976
4396,1472
4397,568
4398,5692
4399,1176
4400,7160
4401,1744
4402,3528
4403,6960
4404,4540
4405,5004
4406,3316
4407,3180
4408,5380
4409,4660
4410,1336
4411,2456
4412,12240
4413,3068
4414,2200
4415,784
4416,2844
4417,1796
4418,3084
4419,4296
4420,6992
4421,1164
4422,1340
4423,3112
4424,2848
4425,5604
4426,4916
4427,3232
4428,4848
4429,1392
4430,4684
4431,2352
4432,2688
4433,6496
4434,1480
4435,5312
4436,7116
4437,7176
4438,3584
4439,1560
4440,5780
4441,2980
4442,2968
4443,3044
4444,5428
4445,6396
4446,5928
4447,1676
4448,7168
4449,6768
4450,5524
4451,4728
4452,2148
4453,3444
4454,4916
4455,3240
4456,3452
4457,7460
4458,3280
4459,3964
4460,2292
4461,3112
4462,6432
4463,1484
4464,3920
4465,672
4466,3792
4467,3024
4468,1676
4469,2780
4470,2344
4471,4644
4472,1540
4473,1608
4474,7076
4475,6404
4476,2512
4477,3928
4478,1660
4479,2448
4480,3948
4481,3080
4482,2824
4483,4552
4484,1372
4485,2636
4486,2532
4487,1288
4488,2312
4489,4968
4490,652
4491,1600
4492,2456
4493,1628
4494,3124
4495,2444
4496,3212
4497,1400
4498,3064
4499,2436
4500,6320
4501,4960
4502,3412
4503,2824
4504,6752
4505,2812
4506,4448
4507,6468
4508,3464
4509,1252
4510,6428
4511,2824
4512,6364
4513,3504
4514,1624
4515,4692
4516,1552
4517,1792
4518,6172
4519,1112
4520,684
4521,2928
4522,3128
4523,4648
4524,2764
4525,4240
4526,996
4527,5516
4528,3936
4529,4580
4530,980
4531,3612
4532,6292
4533,2692
4534,884
4535,1072
4536,3144
4537,3104
4538,2320
4539,4720
4540,2904
4541,7836
4542,3364
4543,3220
4544,1488
4545,5224
4546,3084
4547,7124
4548,1656
4549,3372
4550,1400
4551,3948
4552,6252
4553,3888
4554,5476
4555,2844
4556,3476
4557,5880
4558,5628
4559,1308
4560,2388
4561,6280
4562,5644
4563,1580
4564,1360
4565,5684
4566,5416
4567,7328
4568,5544
4569,6324
4570,2372
4571,4840
4572,3384
4573,3620
4574,8460
4575,1440
4576,2048
4577,6596
4578,3052
4579,3908
4580,7052
4581,3100
4582,5260
4583,4528
4584,3216
4585,4852
4586,1472
4587,4588
4588,5168
4589,5416
4590,1020
4591,6240
4592,3720
4593,4960
4594,3836
4595,9216
4596,1576
4597,12544
4598,4016
4599,1492
4600,1728
4601,1272
4602,2400
4603,1720
4604,1976
4605,4928
4606,2840
4607,1592
4608,6348
4609,3612
4610,3388
4611,3192
4612,3472
4613,5232
4614,2880
4615,7304
4616,1316
4617,3028
4618,1404
4619,3308
4620,5276
4621,2900
4622,1356
4623,1404
4624,3104
4625,4812
4626,2156
4627,3308
4628,3884
4629,6184
4630,3240
4631,2824
4632,3808
4633,2540
4634,2128
4635,2948
4636,3732
4637,6432
4638,3556
4639,2804
4640,1756
4641,3420
4642,7980
4643,3184
4644,3896
4645,3820
4646,3180
4647,3420
4648,2228
4649,3660
4650,3172
4651,3256
4652,3300
4653,3732
4654,2624
4655,840
4656,3364
4657,2824
4658,2892
4659,4064
4660,6288
4661,3444
4662,6220
4663,4928
4664,3132
4665,3380
4666,5372
4667,2136
4668,2888
4669,1424
4670,3844
4671,7148
4672,7016
4673,6052
4674,5508
4675,2560
4676,6460
4677,600
4678,848
4679,3232
4680,6404
4681,1620
4682,5060
4683,6864
4684,2628
4685,2180
4686,3540
4687,3520
4688,2016
4689,3232
4690,656
4691,1216
4692,4100
4693,3216
4694,668
4695,6604
4696,640
4697,712
4698,1732
4699,6372
4700,2372
4701,3052
4702,3468
4703,7852
4704,3216
4705,1376
4706,6588
4707,4796
4708,3544
4709,3036
4710,3400
4711,3132
4712,1040
4713,4864
4714,5676
4715,6496
4716,6232
4717,3336
4718,3208
4719,2360
4720,6084
4721,1308
4722,4800
4723,4684
4724,3908
4725,3048
4726,2816
4727,1380
4728,1428
4729,2544
4730,5580
4731,2356
4732,5068
4733,3500
4734,2972
4735,12448
4736,3168
4737,4212
4738,428
4739,6104
4740,1068
4741,2448
4742,5728
4743,4620
4744,1448
4745,1240
4746,5484
4747,5528
4748,764
4749,3716
4750,5312
4751,552
4752,3392
4753,4136
4754,3472
4755,3284
4756,3512
4757,3392
4758,3156
4759,2560
4760,1700
4761,3140
4762,2320
4763,4972
4764,2476
4765,2964
4766,1776
4767,7148
4768,2748
4769,2968
4770,1444
4771,3352
4772,1752
4773,2484
4774,1640
4775,2596
4776,2780
4777,3584
4778,7264
4779,3264
4780,10296
4781,2168
4782,1064
4783,5404
4784,2628
4785,4896
4786,2332
4787,3744
4788,3272
4789,4028
4790,2212
4791,6428
4792,2388
4793,7576
4794,3012
4795,3352
4796,5652
4797,3124
4798,2724
4799,3776
4800,5236
4801,2116
4802,4664
4803,1572
4804,7124
4805,3160
4806,3468
4807,5180
4808,3224
4809,1364
4810,7016
4811,5064
4812,1480
4813,7468
4814,1972
4815,3564
4816,2676
4817,1132
4818,3428
4819,1648
4820,3272
4821,5552
4822,3072
4823,2460
4824,3220
4825,6060
4826,4920
4827,5492
4828,3236
4829,1620
4830,5372
4831,1408
4832,7004
4833,5464
4834,6508
4835,520
4836,4488
4837,6056
4838,6148
4839,2884
4840,1000
4841,2332
4842,2816
4843,1684
4844,1396
4845,2260
4846,4660
4847,3204
4848,1344
4849,5768
4850,2252
4851,2308
4852,796
4853,3200
4854,4828
4855,1584
4856,6068
4857,5956
4858,3188
4859,2484
4860,1896
4861,2724
4862,552
4863,3040
4864,2872
4865,1460
4866,5700
4867,3000
4868,1348
4869,4796
4870,3252
4871,1952
4872,3476
4873,3044
4874,3084
4875,752
4876,2456
4877,5500
4878,10736
4879,1480
4880,4876
4881,2004
4882,2500
4883,1860
4884,2080
4885,1284
4886,2732
4887,2396
4888,5188
4889,4596
4890,2484
4891,1052
4892,2452
4893,1976
4894,2520
4895,3296
4896,3772
4897,296
4898,3212
4899,3432
4900,996
4901,5400
4902,3168
4903,2404
4904,1532
4905,5044
4906,5812
4907,5820
4908,6228
4909,776
4910,2200
4911,1208
4912,1476
4913,9844
4914,1312
4915,3924
4916,5088
4917,1264
4918,1652
4919,796
4920,5196
4921,2876
4922,2060
4923,1952
4924,6740
4925,11140
4926,6124
4927,3144
4928,6464
4929,1796
4930,4624
4931,3404
4932,3080
4933,5500
4934,3996
4935,2152
4936,3956
4937,5044
4938,3120
4939,5736
4940,1696
4941,1536
4942,3196
4943,2412
4944,5648
4945,3396
4946,3332
4947,3012
4948,1376
4949,3124
4950,1568
4951,4492
4952,2732
4953,2124
4954,4648
4955,716
4956,5392
4957,6684
4958,2464
4959,3028
4960,7004
4961,4304
4962,5336
4963,5436
4964,3404
4965,6420
4966,6592
4967,3728
4968,5944
4969,1260
4970,3944
4971,7524
4972,4256
4973,2916
4974,912
4975,3300
4976,2928
4977,3900
4978,2160
4979,3468
4980,2436
4981,3436
4982,4504
4983,760
4984,5416
4985,7324
4986,2020
4987,2356
4988,3184
4989,3256
4990,3248
4991,3112
4992,5396
4993,4672
4994,3056
4995,1248
4996,2416
4997,5916
4998,2300
4999,7164
5000,1632
5001,3476
5002,1612
5003,1348
5004,4396
5005,2556
5006,3952
5007,9620
5008,1684
5009,11432
5010,3944
5011,5532
5012,3408
5013,4728
5014,3340
5015,1160
5016,2816
5017,3224
5018,7948
5019,4412
5020,3052
5021,5844
5022,3476
5023,1440
5024,4656
5025,5324
5026,2240
5027,1732
5028,652
5029,3044
5030,5536
5031,6992
5032,744
5033,3112
5034,6500
5035,2420
5036,3212
5037,5372
5038,6392
5039,3336
5040,3024
5041,580
5042,2808
5043,2280
5044,2664
5045,2736
5046,3908
5047,4712
5048,5972
5049,4140
5050,1628
5051,1256
5052,5484
5053,1296
5054,6456
5055,4276
5056,2400
5057,3208
5058,3232
5059,1576
5060,7036
5061,5552
5062,3024
5063,3872
5064,1368
5065,2372
5066,3064
5067,1408
5068,1948
5069,3420
5070,5584
5071,4852
5072,2320
5073,2188
5074,3816
5075,4200
5076,2196
5077,4032
5078,1644
5079,6536
5080,512
5081,14468
5082,3880
5083,2684
5084,2924
5085,5040
5086,3304
5087,6276
5088,2644
5089,1416
5090,2952
5091,3140
5092,1864
5093,6408
5094,4584
5095,1296
5096,6612
5097,1204
5098,3068
5099,1284
5100,3380
5101,5692
5102,1332
5103,3348
5104,6424
5105,1448
5106,676
5107,2480
5108,3188
5109,1516
5110,3056
5111,7860
5112,2140
5113,3648
5114,6032
5115,1600
5116,2088
5117,880
5118,1444
5119,4600
5120,3108
5121,3072
5122,4888
5123,4788
5124,3100
5125,7340
5126,2140
5127,948
5128,5240
5129,1148
5130,3244
5131,4380
5132,2540
5133,1280
5134,5408
5135,2004
5136,3068
5137,3360
5138,6012
5139,7832
5140,1508
5141,3080
5142,744
5143,3420
5144,3212
5145,2104
5146,5128
5147,672
5148,5392
5149,2992
5150,1552
5151,1568
5152,5632
5153,5232
5154,1296
5155,5156
5156,4696
5157,1464
5158,6036
5159,2712
5160,3708
5161,1580
5162,1552
5163,2600
5164,2448
5165,10228
5166,5496
5167,5504
5168,5124
5169,3076
5170,3364
5171,3188
5172,2444
5173,3932
5174,1040
5175,6840
5176,6412
5177,2340
5178,1284
5179,7832
5180,7236
5181,1748
5182,1912
5183,1628
5184,1512
5185,1680
5186,3524
5187,1108
5188,3088
5189,2180
5190,3072
5191,1584
5192,2412
5193,1348
5194,3980
5195,4844
5196,4712
5197,1396
5198,2204
5199,4196
5200,5044
5201,768
5202,1848
5203,4452
5204,5532
5205,3480
5206,3436
5207,1396
5208,6984
5209,7772
5210,7096
5211,1996
5212,2704
5213,1428
5214,5156
5215,2196
5216,3228
5217,3276
5218,1712
5219,4044
5220,3140
5221,4120
5222,5452
5223,3008
5224,3716
5225,3440
5226,5276
5227,4388
5228,5820
5229,3040
5230,3232
5231,2600
5232,2284
5233,6168
5234,4416
5235,3036
5236,3868
5237,3696
5238,764
5239,12616
5240,3528
5241,5856
5242,920
5243,1076
5244,1316
5245,2324
5246,1612
5247,1604
5248,4712
5249,2492
5250,832
5251,1240
5252,3236
5253,592
5254,7160
5255,2440
5256,6840
5257,3880
5258,1152
5259,2644
5260,3652
5261,4892
5262,1436
5263,6684
5264,7156
5265,4360
5266,3016
5267,5076
5268,1688
5269,4932
5270,1760
5271,4692
5272,3364
5273,1136
5274,2544
5275,4684
5276,2508
5277,2460
5278,5440
5279,3612
5280,2464
5281,288
5282,6956
5283,1344
5284,4276
5285,912
5286,5176
5287,5624
5288,5556
5289,3280
5290,6456
5291,5532
5292,3492
5293,1316
5294,5400
5295,4124
5296,3440
5297,4852
5298,3912
5299,4484
5300,6576
5301,2772
5302,3216
5303,2924
5304,3956
5305,2896
5306,612
5307,5560
5308,4832
5309,3004
5310,1652
5311,3128
5312,1424
5313,5432
5314,2956
5315,2848
5316,5372
5317,2932
5318,5676
5319,4336
5320,3188
5321,3932
5322,1056
5323,5460
5324,3272
5325,1216
5326,3532
5327,3892
5328,3056
5329,3148
5330,1636
5331,3308
5332,3052
5333,7320
5334,1308
5335,7740
5336,1328
5337,3084
5338,5404
5339,4424
5340,4980
5341,620
5342,5376
5343,3092
5344,3184
5345,2140
5346,6684
5347,4480
5348,4632
5349,2476
5350,1340
5351,5084
5352,1300
5353,2044
5354,3144
5355,4940
5356,784
5357,2812
5358,4716
5359,1348
5360,1752
5361,2640
5362,3340
5363,6660
5364,2532
5365,5376
5366,1876
5367,3360
5368,4116
5369,2348
5370,2340
5371,936
5372,2196
5373,4580
5374,2196
5375,5996
5376,2252
5377,4148
5378,2448
5379,6284
5380,4072
5381,3184
5382,6308
5383,5812
5384,1516
5385,5312
5386,1252
5387,1416
5388,2436
5389,5560
5390,2972
5391,2756
5392,5176
5393,1448
5394,5728
5395,6824
5396,6168
5397,9596
5398,4916
5399,2516
5400,1520
5401,3224
5402,4996
5403,3196
5404,9392
5405,5536
5406,3956
5407,2308
5408,3088
5409,5832
5410,6928
5411,9968
5412,1476
5413,1284
5414,6500
5415,3860
5416,4880
5417,6600
5418,1292
5419,992
5420,4228
5421,2912
5422,11056
5423,6528
5424,672
5425,4696
5426,984
5427,7368
5428,284
5429,3128
5430,5756
5431,3032
5432,2180
5433,5812
5434,1648
5435,3928
5436,6996
5437,1956
5438,6484
5439,5068
5440,524
5441,4100
5442,1028
5443,1372
5444,7132
5445,1444
5446,3292
5447,10624
5448,2512
5449,3440
5450,7056
5451,1480
5452,3428
5453,7352
5454,4988
5455,3084
5456,3132
5457,3260
5458,6180
5459,2312
5460,4476
5461,2856
5462,4848
5463,7352
5464,2548
5465,3364
5466,1624
5467,11324
5468,6236
5469,3284
5470,3268
5471,3264
5472,6588
5473,12036
5474,7104
5475,2880
5476,2440
5477,6376
5478,6224
5479,1592
5480,3172
5481,5292
5482,1280
5483,2116
5484,2988
5485,6784
5486,5052
5487,1884
5488,724
5489,788
5490,3100
5491,5324
5492,3448
5493,3308
5494,648
5495,5364
5496,1672
5497,1464
5498,420
5499,3076
5500,6872
5501,3608
5502,3840
5503,7136
5504,6320
5505,3296
5506,3308
5507,6812
5508,1500
5509,576
5510,3396
5511,3736
5512,2476
5513,1088
5514,4728
5515,4640
5516,4148
5517,4840
5518,1752
5519,2764
5520,2788
5521,4928
5522,3304
5523,4496
5524,3160
5525,9804
5526,5416
5527,3592
5528,6288
5529,5072
5530,3824
5531,3296
5532,10372
5533,1492
5534,6352
5535,2964
5536,6016
5537,11064
5538,1424
5539,3380
5540,2360
5541,1268
5542,3600
5543,2700
5544,3096
5545,1376
5546,2440
5547,3352
5548,7128
5549,1208
5550,3240
5551,5456
5552,3220
5553,7384
5554,4156
5555,6512
5556,6260
5557,1712
5558,6024
5559,5476
5560,2120
5561,1816
5562,3088
5563,2576
5564,3240
5565,1896
5566,2988
5567,1296
5568,1132
5569,552
5570,2232
5571,1552
5572,2412
5573,1252
5574,2144
5575,1360
5576,3052
5577,6588
5578,6060
5579,6276
5580,2540
5581,5016
5582,6204
5583,5644
5584,2944
5585,1440
5586,2000
5587,3240
5588,3060
5589,576
5590,11824
5591,4092
5592,2744
5593,5428
5594,10072
5595,4404
5596,2808
5597,3724
5598,3360
5599,1104
5600,3092
5601,3120
5602,5908
5603,2372
5604,904
5605,2620
5606,3048
5607,1720
5608,6928
5609,5236
5610,7020
5611,7612
5612,2944
5613,3764
5614,1640
5615,2112
5616,2504
5617,1324
5618,5612
5619,5404
5620,2260
5621,1356
5622,5268
5623,4724
5624,3200
5625,3228
5626,2080
5627,3356
5628,2912
5629,3140
5630,540
5631,3288
5632,3276
5633,3104
5634,3176
5635,2604
5636,4496
5637,960
5638,7320
5639,7836
5640,4580
5641,5408
5642,3856
5643,3396
5644,5128
5645,3500
5646,6368
5647,3200
5648,3232
5649,5740
5650,2544
5651,2764
5652,5376
5653,4072
5654,3808
5655,3448
5656,1624
5657,1396
5658,7000
5659,3348
5660,1496
5661,716
5662,5892
5663,5216
5664,3908
5665,5304
5666,5028
5667,644
5668,3224
5669,6584
5670,1624
5671,3608
5672,2704
5673,3132
5674,3780
5675,5320
5676,2528
5677,4820
5678,1656
5679,2516
5680,5384
5681,5292
5682,1448
5683,3452
5684,2580
5685,4744
5686,4100
5687,1056
5688,1400
5689,6232
5690,2676
5691,3204
5692,1324
5693,7204
5694,1496
5695,696
5696,10424
5697,3064
5698,2240
5699,836
5700,3172
5701,6752
5702,5216
5703,5664
5704,7012
5705,3288
5706,1516
5707,6500
5708,3324
5709,1624
5710,5368
5711,3796
5712,6400
5713,7556
5714,784
5715,2028
5716,7048
5717,4552
5718,4472
5719,3672
5720,2756
5721,4060
5722,2032
5723,3924
5724,1216
5725,5392
5726,1116
5727,5644
5728,3148
5729,3992
5730,3296
5731,2100
5732,5288
5733,1000
5734,2752
5735,7856
5736,4056
5737,4392
5738,5240
5739,1572
5740,2816
5741,4372
5742,5816
5743,3476
5744,3636
5745,5048
5746,5416
5747,3720
5748,3832
5749,2992
5750,5672
5751,5132
5752,1452
5753,3108
5754,4468
5755,1628
5756,5868
5757,2468
5758,2860
5759,3664
5760,3004
5761,4452
5762,2436
5763,3480
5764,5008
5765,5556
5766,3480
5767,3528
5768,3116
5769,284
5770,7068
5771,7128
5772,6532
5773,3516
5774,3512
5775,2756
5776,2580
5777,3252
5778,2596
5779,2104
5780,4980
5781,1308
5782,616
5783,1176
5784,2420
5785,2988
5786,2024
5787,2556
5788,7180
5789,1152
5790,1436
5791,4760
5792,2640
5793,5432
5794,4056
5795,3108
5796,948
5797,7400
5798,6320
5799,5436
5800,2472
5801,1604
5802,5508
5803,5468
5804,4612
5805,7076
5806,1372
5807,1248
5808,1504
5809,1424
5810,3044
5811,3512
5812,6736
5813,2044
5814,1440
5815,4588
5816,1936
5817,5536
5818,3092
5819,2116
5820,2068
5821,6140
5822,1776
5823,7280
5824,9652
5825,3176
5826,1208
5827,3120
5828,5788
5829,9728
5830,1812
5831,3184
5832,5336
5833,3188
5834,3464
5835,1708
5836,2436
5837,4660
5838,1948
5839,6648
5840,3924
5841,3052
5842,3012
5843,1324
5844,5316
5845,3220
5846,1732
5847,3404
5848,2684
5849,1628
5850,3028
5851,3356
5852,2256
5853,1460
5854,2892
5855,2896
5856,7028
5857,1080
5858,4232
5859,788
5860,4996
5861,2612
5862,1812
5863,3244
5864,5752
5865,3136
5866,5360
5867,1668
5868,2668
5869,1148
5870,3068
5871,2868
5872,1472
5873,5452
5874,3368
5875,2372
5876,2488
5877,1176
5878,3984
5879,4560
5880,1428
5881,2480
5882,3256
5883,2464
5884,2940
5885,1360
5886,6296
5887,3100
5888,4080
5889,3624
5890,1172
5891,1720
5892,1764
5893,3620
5894,5100
5895,5548
5896,7036
5897,1464
5898,7516
5899,6880
5900,2856
5901,2440
5902,3760
5903,4848
5904,4352
5905,3212
5906,5500
5907,2664
5908,3032
5909,3740
5910,1128
5911,7396
5912,3148
5913,2828
5914,7264
5915,6424
5916,2588
5917,3808
5918,3200
5919,5388
5920,4616
5921,4820
5922,1284
5923,4268
5924,1012
5925,3052
5926,1412
5927,2868
5928,5532
5929,3188
5930,720
5931,6448
5932,5576
5933,3508
5934,2648
5935,876
5936,4904
5937,3216
5938,1116
5939,6792
5940,2728
5941,2680
5942,4888
5943,1312
5944,3332
5945,5008
5946,3148
5947,4940
5948,2872
5949,1768
5950,4068
5951,3360
5952,2672
5953,6340
5954,3084
5955,3300
5956,3264
5957,1396
5958,2256
5959,3200
5960,4608
5961,5132
5962,968
5963,6292
5964,264
5965,10464
5966,2548
5967,2316
5968,1684
5969,3104
5970,1524
5971,1732
5972,2904
5973,7792
5974,3896
5975,3016
5976,2896
5977,1188
5978,5232
5979,3404
5980,3404
5981,6444
5982,3752
5983,3660
5984,3052
5985,2628
5986,3240
5987,2416
5988,3188
5989,3184
5990,3380
5991,1504
5992,3248
5993,4432
5994,5084
5995,2928
5996,6816
5997,5392
5998,6816
5999,5384
6000,6356
6001,4528
6002,5464
6003,4720
6004,3076
6005,4380
6006,4356
6007,1384
6008,6092
6009,2280
6010,560
6011,4796
6012,700
6013,2416
6014,3236
6015,5500
6016,5716
6017,4980
6018,3340
6019,4096
6020,5756
6021,3356
6022,5568
6023,3340
6024,3732
6025,2248
6026,7520
6027,1876
6028,1040
6029,5296
6030,2012
6031,1616
6032,2632
6033,2156
6034,2432
6035,6036
6036,2132
6037,3048
6038,3380
6039,6880
6040,2328
6041,4624
6042,3724
6043,1084
6044,5036
6045,2440
6046,1652
6047,5416
6048,2964
6049,3052
6050,1264
6051,3240
6052,4648
6053,6360
6054,1488
6055,1840
6056,5396
6057,2696
6058,4496
6059,3624
6060,1768
6061,2308
6062,2212
6063,7024
6064,5552
6065,3588
6066,5248
6067,2596
6068,6936
6069,1360
6070,3828
6071,336
6072,3892
6073,3004
6074,2852
6075,3172
6076,4696
6077,244
6078,3372
6079,5768
6080,1812
6081,3540
6082,5000
6083,2784
6084,1020
6085,1604
6086,3212
6087,2800
6088,4876
6089,2076
6090,7244
6091,3056
6092,1096
6093,1760
6094,3036
6095,2464
6096,3852
6097,1320
6098,10512
6099,3368
6100,7008
6101,10696
6102,3192
6103,676
6104,3416
6105,3788
6106,4820
6107,2828
6108,2452
6109,2996
6110,2448
6111,3432
6112,5640
6113,2472
6114,5344
6115,3316
6116,3564
6117,2248
6118,7088
6119,3600
6120,6764
6121,3012
6122,2896
6123,2688
6124,1280
6125,4004
6126,584
6127,3292
6128,7352
6129,4696
6130,3080
6131,3484
6132,6548
6133,3284
6134,2496
6135,7124
6136,4092
6137,3208
6138,2328
6139,7280
6140,5836
6141,2812
6142,6172
6143,4480
6144,7368
6145,5652
6146,6108
6147,3348
6148,6792
6149,5076
6150,7280
6151,1340
6152,3080
6153,4652
6154,6604
6155,3200
6156,2840
6157,1564
6158,480
6159,2416
6160,1412
6161,4860
6162,6968
6163,2756
6164,3444
6165,7228
6166,5368
6167,2636
6168,812
6169,7768
6170,3020
6171,664
6172,1984
6173,5792
6174,5576
6175,3460
6176,3220
6177,1484
6178,1548
6179,3372
6180,4096
6181,4652
6182,2460
6183,1584
6184,4780
6185,488
6186,2444
6187,1792
6188,744
6189,1312
6190,6776
6191,1556
6192,1064
6193,1604
6194,1812
6195,1400
6196,3100
6197,2756
6198,2072
6199,1948
6200,1540
6201,1176
6202,2652
6203,4596
6204,2912
6205,2076
6206,3184
6207,5384
6208,852
6209,7220
6210,5424
6211,1560
6212,3456
6213,4564
6214,4164
6215,452
6216,6188
6217,2076
6218,4624
6219,3832
6220,4920
6221,7260
6222,1496
6223,1468
6224,1436
6225,2400
6226,5344
6227,2016
6228,4624
6229,4216
6230,6328
6231,1404
6232,4508
6233,1216
6234,1276
6235,4244
6236,408
6237,1876
6238,4840
6239,3204
6240,3412
6241,1288
6242,2312
6243,4116
6244,5344
6245,1452
6246,4784
6247,4080
6248,1900
6249,1392
6250,2468
6251,1584
6252,5860
6253,2932
6254,5436
6255,4288
6256,3504
6257,3056
6258,800
6259,4708
6260,3368
6261,7160
6262,6456
6263,3636
6264,5900
6265,2780
6266,4968
6267,3080
6268,5004
6269,6028
6270,1608
6271,1860
6272,3304
6273,2128
6274,1524
6275,7160
6276,5508
6277,7024
6278,1424
6279,3464
6280,1828
6281,3068
6282,4480
6283,2004
6284,3272
6285,3552
6286,2492
6287,2264
6288,7220
6289,4984
6290,1316
6291,5440
6292,2884
6293,6172
6294,1336
6295,7608
6296,2312
6297,3976
6298,6000
6299,3328
6300,2976
6301,5196
6302,3036
6303,1276
6304,5248
6305,1060
6306,3836
6307,2796
6308,5384
6309,5424
6310,4968
6311,3280
6312,348
6313,2620
6314,3172
6315,2904
6316,3424
6317,3076
6318,3360
6319,5112
6320,1024
6321,5028
6322,5120
6323,5464
6324,3144
6325,2984
6326,2336
6327,1644
6328,2144
6329,5036
6330,5816
6331,4436
6332,6284
6333,5428
6334,3176
6335,5552
6336,2416
6337,2796
6338,6340
6339,1324
6340,576
6341,3036
6342,2736
6343,2996
6344,3968
6345,5144
6346,6808
6347,1600
6348,2828
6349,5848
6350,6340
6351,7216
6352,3164
6353,5296
6354,5336
6355,2968
6356,1304
6357,2340
6358,6820
6359,6284
6360,4300
6361,3444
6362,4052
6363,6492
6364,5152
6365,3220
6366,1496
6367,6832
6368,4476
6369,2520
6370,6284
6371,1644
6372,632
6373,3092
6374,2896
6375,2196
6376,4880
6377,4004
6378,1320
6379,3980
6380,3504
6381,6040
6382,1108
6383,3320
6384,4724
6385,3008
6386,2780
6387,12368
6388,2880
6389,1916
6390,1792
6391,5472
6392,6244
6393,5460
6394,1232
6395,3100
6396,6864
6397,4680
6398,2928
6399,7244
6400,4540
6401,1720
6402,2576
6403,5360
6404,1640
6405,3092
6406,3368
6407,5108
6408,3716
6409,3876
6410,1448
6411,3796
6412,4440
6413,2812
6414,6468
6415,1436
6416,2188
6417,6408
6418,6024
6419,6376
6420,3160
6421,6248
6422,3628
6423,4524
6424,7164
6425,3640
6426,4640
6427,1728
6428,4704
6429,3412
6430,2500
6431,6916
6432,3012
6433,5456
6434,10220
6435,2492
6436,984
6437,2448
6438,7536
6439,5400
6440,2608
6441,1032
6442,6336
6443,2896
6444,5888
6445,7208
6446,4384
6447,5256
6448,5316
6449,5144
6450,1292
6451,2892
6452,1996
6453,1352
6454,2276
6455,3076
6456,3116
6457,3768
6458,2920
6459,3644
6460,3024
6461,3548
6462,1360
6463,1516
6464,6168
6465,3088
6466,3488
6467,780
6468,5460
6469,3080
6470,2044
6471,5456
6472,2436
6473,2332
6474,3152
6475,5104
6476,3712
6477,3220
6478,10412
6479,608
6480,3796
6481,2172
6482,1232
6483,1492
6484,2784
6485,3200
6486,1796
6487,1384
6488,5572
6489,3036
6490,4096
6491,4932
6492,2296
6493,1848
6494,13348
6495,7080
6496,6868
6497,2136
6498,7016
6499,3060
6500,2692
6501,4048
6502,1404
6503,5436
6504,1344
6505,5364
6506,3444
6507,1660
6508,2160
6509,3676
6510,3100
6511,7172
6512,1712
6513,1688
6514,3428
6515,1444
6516,1248
6517,1668
6518,4704
6519,2240
6520,4524
6521,4888
6522,3292
6523,2420
6524,5632
6525,3552
6526,2360
6527,3260
6528,3228
6529,12116
6530,1864
6531,3336
6532,2348
6533,1452
6534,2700
6535,3012
6536,1412
6537,5392
6538,5460
6539,3296
6540,3116
6541,2996
6542,5408
6543,7124
6544,448
6545,3524
6546,11076
6547,5804
6548,6300
6549,2252
6550,2344
6551,2304
6552,3468
6553,5324
6554,6288
6555,4924
6556,4524
6557,2332
6558,2132
6559,2428
6560,1660
6561,1408
6562,1472
6563,4436
6564,3232
6565,7024
6566,3852
6567,2772
6568,3052
6569,3640
6570,7940
6571,3356
6572,3192
6573,3156
6574,5156
6575,5604
6576,2700
6577,1300
6578,1224
6579,1436
6580,6872
6581,6564
6582,2600
6583,4612
6584,2480
6585,3776
6586,2892
6587,1264
6588,2636
6589,4508
6590,6160
6591,4128
6592,2748
6593,7320
6594,2344
6595,3844
6596,1444
6597,2992
6598,5136
6599,4692
6600,3316
6601,6656
6602,1328
6603,4588
6604,5852
6605,3196
6606,2168
6607,2988
6608,6872
6609,6848
6610,1440
6611,5472
6612,5556
6613,4676
6614,4140
6615,6940
6616,3796
6617,3356
6618,5992
6619,1732
6620,7028
6621,5688
6622,5396
6623,2036
6624,6276
6625,3736
6626,2136
6627,3236
6628,696
6629,3032
6630,3300
6631,4304
6632,2244
6633,5432
6634,1652
6635,7064
6636,2040
6637,2796
6638,1504
6639,11780
6640,4676
6641,3176
6642,1292
6643,1380
6644,4784
6645,5460
6646,1280
6647,6248
6648,2964
6649,5340
6650,6904
6651,10416
6652,2856
6653,2836
6654,1044
6655,1216
6656,1948
6657,2116
6658,5612
6659,6848
6660,908
6661,6700
6662,3380
6663,2380
6664,4932
6665,4148
6666,2440
6667,3064
6668,4476
6669,2772
6670,5144
6671,2660
6672,8256
6673,3608
6674,6628
6675,1644
6676,5196
6677,812
6678,2912
6679,3216
6680,3204
6681,1004
6682,2444
6683,3124
6684,3136
6685,2408
6686,2140
6687,3808
6688,3048
6689,3340
6690,3888
6691,3272
6692,5044
6693,1328
6694,7104
6695,2048
6696,7040
6697,2700
6698,5120
6699,5784
6700,5320
6701,3104
6702,6236
6703,1872
6704,4596
6705,1416
6706,2260
6707,8520
6708,2616
6709,5032
6710,3944
6711,1520
6712,1388
6713,2504
6714,5752
6715,4896
6716,2332
6717,4224
6718,3208
6719,1372
6720,4052
6721,3144
6722,4664
6723,860
6724,3368
6725,3560
6726,2768
6727,3656
6728,3396
6729,8092
6730,5596
6731,3276
6732,3216
6733,2976
6734,1604
6735,1928
6736,752
6737,1932
6738,6620
6739,5252
6740,1648
6741,884
6742,5760
6743,2008
6744,3416
6745,852
6746,3504
6747,2368
6748,920
6749,2652
6750,3780
6751,3264
6752,5764
6753,3392
6754,2616
6755,2220
6756,5324
6757,5392
6758,3356
6759,6948
6760,2484
6761,5288
6762,4236
6763,4224
6764,5456
6765,5692
6766,4896
6767,7732
6768,3076
6769,3296
6770,2336
6771,3284
6772,6316
6773,5740
6774,3892
6775,2908
6776,3764
6777,2676
6778,1208
6779,3268
6780,3344
6781,3048
6782,2160
6783,4952
6784,4104
6785,6984
6786,1140
6787,3116
6788,2868
6789,2924
6790,3484
6791,2500
6792,3168
6793,2112
6794,1648
6795,2224
6796,5624
6797,5352
6798,2660
6799,3148
6800,1000
6801,6236
6802,1520
6803,2984
6804,2328
6805,7888
6806,1968
6807,3044
6808,2368
6809,6860
6810,4852
6811,3136
6812,4084
6813,5148
6814,1656
6815,3248
6816,2600
6817,4128
6818,7428
6819,6024
6820,2464
6821,2060
6822,5460
6823,2996
6824,7252
6825,2476
6826,6276
6827,2344
6828,12876
6829,5752
6830,1304
6831,6208
6832,2868
6833,2720
6834,4620
6835,2176
6836,2148
6837,6768
6838,1356
6839,7120
6840,1320
6841,1452
6842,1916
6843,7044
6844,11176
6845,1344
6846,7828
6847,3208
6848,3868
6849,3884
6850,5704
6851,4932
6852,4212
6853,3228
6854,3420
6855,5560
6856,7364
6857,5112
6858,6464
6859,6096
6860,3492
6861,1604
6862,1572
6863,3156
6864,3208
6865,3748
6866,2288
6867,6268
6868,10416
6869,6020
6870,668
6871,3164
6872,1440
6873,3320
6874,2804
6875,2836
6876,1516
6877,3144
6878,2408
6879,1456
6880,7208
6881,2616
6882,3092
6883,5364
6884,2172
6885,3108
6886,3496
6887,6444
6888,3244
6889,1072
6890,9908
6891,5468
6892,2404
6893,6716
6894,5348
6895,3072
6896,2920
6897,4932
6898,6464
6899,3160
6900,704
6901,2192
6902,664
6903,1636
6904,5484
6905,2680
6906,2432
6907,3532
6908,3476
6909,936
6910,2952
6911,3476
6912,5324
6913,4132
6914,6316
6915,4704
6916,7144
6917,4972
6918,5372
6919,3040
6920,1556
6921,6964
6922,3336
6923,1548
6924,564
6925,3360
6926,2060
6927,4360
6928,5412
6929,3100
6930,4164
6931,500
6932,2028
6933,2108
6934,5324
6935,3924
6936,10132
6937,7292
6938,2976
6939,6824
6940,7492
6941,1620
6942,5536
6943,2488
6944,2400
6945,2112
6946,2676
6947,1128
6948,6268
6949,4648
6950,3648
6951,5172
6952,5252
6953,7204
6954,6856
6955,2472
6956,4636
6957,5912
6958,10360
6959,1132
6960,4176
6961,6328
6962,2884
6963,10156
6964,2664
6965,3500
6966,7216
6967,3004
6968,1248
6969,5536
6970,2520
6971,5540
6972,6652
6973,3132
6974,2944
6975,1384
6976,2864
6977,2676
6978,3372
6979,1484
6980,3252
6981,1216
6982,2860
6983,2028
6984,11284
6985,680
6986,3316
6987,6164
6988,3788
6989,3092
6990,1460
6991,4284
6992,3868
6993,1992
6994,4820
6995,6656
6996,2732
6997,4784
6998,3344
6999,6696
7000,628
7001,984
7002,2236
7003,2888
7004,2796
7005,1704
7006,2652
7007,1780
7008,5332
7009,3036
7010,1048
7011,1852
7012,1480
7013,2308
7014,1308
7015,12420
7016,1696
7017,2732
7018,3208
7019,2036
7020,6216
7021,3120
7022,3180
7023,1460
7024,2304
7025,1924
7026,1764
7027,3160
7028,2276
7029,4452
7030,5344
7031,5064
7032,1116
7033,2408
7034,2580
7035,2300
7036,3116
7037,956
7038,2188
7039,3176
7040,3224
7041,1684
7042,1180
7043,940
7044,1608
7045,1184
7046,2596
7047,5332
7048,1132
7049,1384
7050,2180
7051,1336
7052,1380
7053,3448
7054,1748
7055,1500
7056,6552
7057,5456
7058,3184
7059,3496
7060,2880
7061,3452
7062,980
7063,6264
7064,6452
7065,6332
7066,2176
7067,760
7068,2288
7069,708
7070,2732
7071,1620
7072,1180
7073,2636
7074,2776
7075,2576
7076,6672
7077,4600
7078,1868
7079,1032
7080,2072
7081,1972
7082,2668
7083,3240
7084,2988
7085,3208
7086,2620
7087,3972
7088,3372
7089,5912
7090,3060
7091,3796
7092,4148
7093,1444
7094,6776
7095,1896
7096,2488
7097,1776
7098,1892
7099,2356
7100,664
7101,5300
7102,5388
7103,2880
7104,2408
7105,11576
7106,3724
7107,2548
7108,1608
7109,2292
7110,3940
7111,3200
7112,3204
7113,2824
7114,2100
7115,3160
7116,2340
7117,3232
7118,2568
7119,3444
7120,7184
7121,1296
7122,6540
7123,1892
7124,1432
7125,3300
7126,2788
7127,2780
7128,1300
7129,7160
7130,724
7131,10272
7132,3108
7133,5376
7134,4440
7135,2860
7136,1764
7137,1184
7138,884
7139,3804
7140,5392
7141,2944
7142,3428
7143,5748
7144,1652
7145,12264
7146,5436
7147,5336
7148,6964
7149,3408
7150,1124
7151,2048
7152,3216
7153,3248
7154,2712
7155,2976
7156,2628
7157,2452
7158,4588
7159,6832
7160,3500
7161,3276
7162,1756
7163,2604
7164,1204
7165,7024
7166,3564
7167,3244
7168,3604
7169,10620
7170,1312
7171,2884
7172,4032
7173,3108
7174,1808
7175,1760
7176,288
7177,5056
7178,6820
7179,2536
7180,2008
7181,3004
7182,3244
7183,7088
7184,2044
7185,7244
7186,5056
7187,4824
7188,2328
7189,3492
7190,5252
7191,3172
7192,5552
7193,3416
7194,5260
7195,3376
7196,456
7197,3240
7198,3804
7199,3172
7200,3220
7201,3132
7202,3520
7203,2920
7204,2972
7205,2952
7206,8352
7207,3240
7208,3292
7209,2356
7210,2784
7211,2552
7212,6380
7213,4984
7214,3072
7215,1588
7216,2028
7217,1648
7218,5152
7219,1052
7220,1924
7221,2320
7222,2500
7223,2392
7224,3880
7225,9756
7226,6860
7227,4084
7228,3868
7229,728
7230,3096
7231,2300
7232,5276
7233,3320
7234,7068
7235,2980
7236,7440
7237,2220
7238,3008
7239,7220
7240,2464
7241,2204
7242,2576
7243,5500
7244,5440
7245,3828
7246,5072
7247,3980
7248,4276
7249,1004
7250,1624
7251,3240
7252,1400
7253,3208
7254,4440
7255,3244
7256,2468
7257,2732
7258,2508
7259,2804
7260,2592
7261,2652
7262,4576
7263,3064
7264,6712
7265,748
7266,5492
7267,2864
7268,1868
7269,1604
7270,1120
7271,6776
7272,1620
7273,3104
7274,7220
7275,4624
7276,5988
7277,1008
7278,3872
7279,2880
7280,828
7281,732
7282,3436
7283,5932
7284,3228
7285,3344
7286,3620
7287,3648
7288,6304
7289,5152
7290,5440
7291,5364
7292,4564
7293,2736
7294,10544
7295,3608
7296,1744
7297,3332
7298,664
7299,4744
7300,3436
7301,3216
7302,5160
7303,3152
7304,1332
7305,3484
7306,2372
7307,7232
7308,3624
7309,1100
7310,5448
7311,7600
7312,2468
7313,2560
7314,2736
7315,1224
7316,3032
7317,3188
7318,4004
7319,1740
7320,4664
7321,1568
7322,3300
7323,5556
7324,3080
7325,3512
7326,6256
7327,3104
7328,1092
7329,5948
7330,1384
7331,4596
7332,5876
7333,1756
7334,2824
7335,6632
7336,6080
7337,1636
7338,2204
7339,5476
7340,5104
7341,11464
7342,2424
7343,3328
7344,10648
7345,3092
7346,2300
7347,3460
7348,7148
7349,3256
7350,2064
7351,1336
7352,1836
7353,5444
7354,11236
7355,5320
7356,3064
7357,3420
7358,2352
7359,3152
7360,1352
7361,1780
7362,1488
7363,2832
7364,4140
7365,3756
7366,2748
7367,3044
7368,1252
7369,5704
7370,3568
7371,6584
7372,1772
7373,328
7374,2996
7375,5808
7376,6212
7377,1564
7378,3016
7379,1388
7380,3184
7381,608
7382,5328
7383,2940
7384,4464
7385,7096
7386,7436
7387,3188
7388,1480
7389,5016
7390,784
7391,1176
7392,1388
7393,3796
7394,2920
7395,4320
7396,1580
7397,2312
7398,3128
7399,1760
7400,4300
7401,6648
7402,2404
7403,1280
7404,5412
7405,7108
7406,2832
7407,2492
7408,1232
7409,3836
7410,1212
7411,6168
7412,3524
7413,4476
7414,988
7415,5456
7416,2360
7417,2916
7418,3316
7419,4736
7420,2916
7421,2804
7422,7912
7423,1468
7424,7188
7425,5064
7426,1076
7427,5304
7428,5692
7429,3112
7430,3340
7431,624
7432,1752
7433,3504
7434,4540
7435,3764
7436,2236
7437,768
7438,7376
7439,6788
7440,2468
7441,1288
7442,3516
7443,2836
7444,5340
7445,2804
7446,1464
7447,2316
7448,2056
7449,1100
7450,1924
7451,4588
7452,1552
7453,1544
7454,1284
7455,1084
7456,612
7457,4956
7458,10612
7459,5328
7460,3672
7461,8008
7462,2252
7463,4048
7464,3484
7465,1216
7466,1284
7467,616
7468,6800
7469,3352
7470,3140
7471,364
7472,1556
7473,5340
7474,3116
7475,7276
7476,3648
7477,1704
7478,2028
7479,1632
7480,6912
7481,4968
7482,716
7483,2052
7484,6168
7485,4632
7486,5744
7487,2684
7488,3212
7489,5404
7490,5024
7491,2196
7492,5348
7493,1396
7494,3380
7495,7308
7496,7012
7497,5240
7498,6300
7499,3352
7500,3300
7501,5136
7502,3308
7503,3336
7504,1640
7505,3556
7506,3440
7507,2104
7508,2948
7509,2992
7510,4220
7511,2976
7512,6652
7513,1528
7514,1532
7515,2452
7516,2744
7517,620
7518,1284
7519,5988
7520,1312
7521,2128
7522,480
7523,3432
7524,2716
7525,2112
7526,3604
7527,3684
7528,2316
7529,1320
7530,1360
7531,6904
7532,2844
7533,2964
7534,1476
7535,2532
7536,7076
7537,2808
7538,3624
7539,2920
7540,3152
7541,556
7542,3288
7543,5476
7544,1920
7545,4432
7546,2396
7547,6280
7548,7552
7549,4768
7550,832
7551,4496
7552,2872
7553,2872
7554,6524
7555,2740
7556,896
7557,6368
7558,1484
7559,3592
7560,7100
7561,9868
7562,5308
7563,3536
7564,5484
7565,2380
7566,1784
7567,1496
7568,3100
7569,3884
7570,3080
7571,5896
7572,2868
7573,1628
7574,3272
7575,1120
7576,3940
7577,3224
7578,5088
7579,5440
7580,3080
7581,3072
7582,7096
7583,3088
7584,4500
7585,1344
7586,3496
7587,5616
7588,5256
7589,3148
7590,3872
7591,6488
7592,3892
7593,3772
7594,3200
7595,2144
7596,3968
7597,3124
7598,1272
7599,2852
7600,3884
7601,812
7602,2040
7603,4936
7604,2312
7605,8132
7606,1472
7607,3316
7608,3360
7609,1448
7610,12068
7611,6232
7612,4616
7613,4884
7614,3600
7615,3472
7616,5204
7617,8108
7618,2024
7619,2884
7620,3928
7621,6048
7622,2712
7623,5272
7624,868
7625,3916
7626,5424
7627,3240
7628,2240
7629,2300
7630,2732
7631,3812
7632,1480
7633,6636
7634,2328
7635,1744
7636,1140
7637,2736
7638,5224
7639,2996
7640,2444
7641,1900
7642,7404
7643,5440
7644,1376
7645,3076
7646,2448
7647,5616
7648,3300
7649,3048
7650,5812
7651,2552
7652,4184
7653,2952
7654,588
7655,668
7656,3124
7657,3452
7658,3072
7659,2752
7660,10780
7661,3492
7662,4028
7663,3152
7664,3356
7665,1156
7666,4252
7667,2448
7668,1276
7669,4744
7670,6376
7671,1500
7672,3072
7673,6676
7674,2704
7675,7180
7676,1592
7677,2840
7678,6460
7679,2648
7680,3236
7681,5528
7682,5616
7683,4164
7684,1816
7685,2928
7686,3100
7687,1668
7688,3956
7689,3244
7690,704
7691,3020
7692,6536
7693,1324
7694,3024
7695,6284
7696,3504
7697,8072
7698,6408
7699,2036
7700,3220
7701,5116
7702,2456
7703,5916
7704,3420
7705,6048
7706,3056
7707,2112
7708,7084
7709,2964
7710,2036
7711,5528
7712,3536
7713,1708
7714,1008
7715,5436
7716,2796
7717,3284
7718,3208
7719,4052
7720,4436
7721,1664
7722,6224
7723,5016
7724,1720
7725,3328
7726,4864
7727,5624
7728,2756
7729,5172
7730,5876
7731,3316
7732,2988
7733,3064
7734,2388
7735,136
7736,2280
7737,4892
7738,776
7739,6872
7740,2620
7741,1192
7742,2064
7743,2696
7744,2716
7745,3356
7746,1288
7747,7208
7748,3012
7749,5556
7750,4648
7751,5536
7752,828
7753,2460
7754,696
7755,3164
7756,2836
7757,1448
7758,6440
7759,6428
7760,2156
7761,3116
7762,5184
7763,6876
7764,3064
7765,4332
7766,2340
7767,3816
7768,2596
7769,1052
7770,4100
7771,5900
7772,2356
7773,4632
7774,1436
7775,2920
7776,1144
7777,2972
7778,6512
7779,3088
7780,4188
7781,564
7782,3140
7783,1652
7784,3360
7785,1536
7786,3060
7787,1164
7788,3364
7789,3016
7790,6932
7791,7272
7792,2436
7793,5704
7794,1400
7795,1372
7796,3436
7797,3156
7798,5044
7799,3116
7800,1000
7801,1612
7802,1504
7803,3024
7804,1236
7805,736
7806,2272
7807,6760
7808,3564
7809,4760
7810,1420
7811,2840
7812,1464
7813,2996
7814,5272
7815,7280
7816,6076
7817,2832
7818,5276
7819,1784
7820,5396
7821,2392
7822,3224
7823,5968
7824,5128
7825,3976
7826,6316
7827,6772
7828,4760
7829,6624
7830,1324
7831,1332
7832,2380
7833,3800
7834,3172
7835,4816
7836,2956
7837,6640
7838,3212
7839,4520
7840,3376
7841,1344
7842,4916
7843,3036
7844,3044
7845,1524
7846,768
7847,4760
7848,4684
7849,3964
7850,6916
7851,5584
7852,1384
7853,1344
7854,7068
7855,1768
7856,1164
7857,6080
7858,4840
7859,8476
7860,7228
7861,2372
7862,5144
7863,6824
7864,7544
7865,1732
7866,6660
7867,2160
7868,5356
7869,3120
7870,4232
7871,6076
7872,8684
7873,4772
7874,5764
7875,428
7876,2892
7877,1408
7878,1332
7879,6924
7880,2876
7881,2192
7882,3088
7883,1680
7884,5932
7885,660
7886,2988
7887,5416
7888,6016
7889,3152
7890,4764
7891,1756
7892,3276
7893,1672
7894,4372
7895,5672
7896,1280
7897,316
7898,3368
7899,5172
7900,3348
7901,1644
7902,3144
7903,1484
7904,5636
7905,1452
7906,4724
7907,1432
7908,3616
7909,7196
7910,6768
7911,1412
7912,4440
7913,5352
7914,1604
7915,5304
7916,1420
7917,3888
7918,2352
7919,4336
7920,3764
7921,1640
7922,8232
7923,6304
7924,6612
7925,2920
7926,1028
7927,1592
7928,4172
7929,7100
7930,3108
7931,3312
7932,3220
7933,1744
7934,3316
7935,1200
7936,4860
7937,5960
7938,4652
7939,1416
7940,5224
7941,3988
7942,3252
7943,5484
7944,2844
7945,3212
7946,11708
7947,2568
7948,2280
7949,6864
7950,3508
7951,1752
7952,1476
7953,1372
7954,1612
7955,5992
7956,3492
7957,2512
7958,3096
7959,2328
7960,3180
7961,5268
7962,2348
7963,4488
7964,2296
7965,3060
7966,4720
7967,596
7968,1404
7969,3140
7970,1176
7971,3168
7972,2952
7973,5508
7974,4704
7975,2792
7976,3180
7977,5880
7978,5144
7979,516
7980,2752
7981,4300
7982,3664
7983,4152
7984,3100
7985,1468
7986,2136
7987,7120
7988,4188
7989,3196
7990,1376
7991,1920
7992,5300
7993,3432
7994,4624
7995,4892
7996,1804
7997,3080
7998,3388
7999,6508
8000,964
8001,3820
8002,4412
8003,1328
8004,1556
8005,2036
8006,4468
8007,2280
8008,3664
8009,2636
8010,276
8011,10384
8012,3956
8013,10468
8014,2912
8015,3132
8016,2452
8017,820
8018,5188
8019,628
8020,1432
8021,1780
8022,6764
8023,2252
8024,3872
8025,2376
8026,4600
8027,3320
8028,2196
8029,6512
8030,1692
8031,6424
8032,4696
8033,5420
8034,3584
8035,3920
8036,1408
8037,3396
8038,3136
8039,3780
8040,3128
8041,2900
8042,1888
8043,1928
8044,5368
8045,10516
8046,3168
8047,3640
8048,7204
8049,3256
8050,3124
8051,2948
8052,2476
8053,2396
8054,9192
8055,10512
8056,3420
8057,1436
8058,3664
8059,6896
8060,6204
8061,5152
8062,1528
8063,1296
8064,2520
8065,5280
8066,5696
8067,2600
8068,6804
8069,3172
8070,3948
8071,1640
8072,428
8073,6320
8074,1396
8075,5016
8076,3788
8077,3588
8078,1548
8079,7276
8080,7520
8081,7176
8082,2968
8083,1328
8084,3056
8085,7360
8086,3380
8087,6552
8088,3984
8089,6928
8090,1996
8091,6220
8092,11520
8093,1256
8094,4084
8095,4120
8096,1336
8097,776
8098,3920
8099,2756
8100,456
8101,6712
8102,3072
8103,1448
8104,2972
8105,6308
8106,2744
8107,564
8108,5092
8109,4980
8110,3152
8111,4744
8112,712
8113,3076
8114,3140
8115,4596
8116,3216
8117,3468
8118,3216
8119,4272
8120,2656
8121,664
8122,1472
8123,4280
8124,2272
8125,3704
8126,3304
8127,4508
8128,2288
8129,1724
8130,5460
8131,2412
8132,2528
8133,2392
8134,2444
8135,1668
8136,3288
8137,3148
8138,4600
8139,2764
8140,3180
8141,7032
8142,224
8143,1684
8144,2920
8145,2100
8146,2692
8147,5800
8148,11428
8149,600
8150,3816
8151,3396
8152,2060
8153,940
8154,2392
8155,3044
8156,4948
8157,1120
8158,5652
8159,7460
8160,7544
8161,4580
8162,7040
8163,2624
8164,1992
8165,940
8166,3056
8167,3284
8168,2260
8169,7832
8170,3180
8171,2456
8172,7040
8173,2796
8174,4648
8175,4476
8176,6164
8177,5124
8178,4428
8179,2448
8180,5220
8181,1316
8182,9720
8183,1344
8184,3228
8185,4312
8186,3700
8187,1104
8188,4792
8189,2492
8190,1896
8191,6996
8192,3500
8193,3128
8194,8076
8195,3524
8196,6304
8197,1960
8198,3192
8199,3000
8200,3012
8201,2480
8202,5348
8203,1460
8204,1796
8205,7016
8206,7020
8207,3860
8208,2696
8209,4212
8210,1392
8211,3032
8212,1944
8213,4640
8214,5436
8215,2476
8216,6176
8217,3464
8218,4736
8219,6636
8220,7344
8221,5416
8222,1952
8223,4920
8224,2608
8225,7260
8226,4732
8227,3592
8228,2012
8229,5624
8230,1404
8231,3456
8232,1544
8233,1728
8234,3120
8235,6232
8236,3112
8237,2644
8238,3100
8239,1004
8240,3300
8241,3960
8242,10464
8243,6636
8244,2764
8245,1992
8246,2480
8247,5860
8248,2968
8249,6788
8250,3284
8251,6276
8252,3204
8253,1352
8254,3208
8255,3688
8256,2268
8257,3024
8258,4524
8259,4424
8260,720
8261,6576
8262,1192
8263,3428
8264,2600
8265,5468
8266,1532
8267,948
8268,4540
8269,1668
8270,612
8271,2500
8272,3376
8273,3176
8274,3860
8275,3120
8276,5872
8277,1524
8278,2564
8279,3192
8280,3792
8281,11376
8282,6340
8283,7320
8284,2640
8285,2320
8286,1740
8287,5188
8288,5428
8289,7148
8290,2640
8291,2968
8292,3220
8293,2100
8294,3104
8295,6548
8296,3136
8297,6076
8298,1192
8299,5520
8300,3820
8301,3252
8302,10240
8303,12040
8304,3200
8305,1040
8306,3264
8307,852
8308,2932
8309,3368
8310,2468
8311,4692
8312,3152
8313,2948
8314,3028
8315,2248
8316,10208
8317,3160
8318,1332
8319,8528
8320,7148
8321,724
8322,2496
8323,4896
8324,1432
8325,2556
8326,6808
8327,1104
8328,2724
8329,4316
8330,1504
8331,4280
8332,3368
8333,1496
8334,7044
8335,5352
8336,4980
8337,2424
8338,9868
8339,1204
8340,5084
8341,1904
8342,2676
8343,1816
8344,3000
8345,2396
8346,3520
8347,3412
8348,4996
8349,3084
8350,1392
8351,4676
8352,4592
8353,984
8354,5460
8355,3920
8356,3780
8357,5520
8358,5648
8359,3380
8360,7116
8361,3100
8362,10380
8363,5332
8364,3792
8365,5828
8366,1004
8367,5144
8368,5244
8369,3360
8370,1384
8371,2344
8372,2868
8373,1088
8374,4484
8375,7292
8376,980
8377,7072
8378,2440
8379,852
8380,2856
8381,1008
8382,5620
8383,3192
8384,6356
8385,4624
8386,4708
8387,3180
8388,3476
8389,372
8390,2484
8391,1576
8392,1548
8393,3360
8394,3164
8395,4492
8396,2032
8397,4788
8398,3148
8399,4884
8400,2740
8401,2580
8402,3348
8403,1828
8404,2944
8405,7596
8406,8616
8407,2068
8408,1868
8409,3204
8410,6504
8411,5436
8412,1948
8413,2800
8414,2900
8415,1548
8416,3108
8417,3344
8418,1072
8419,10284
8420,3192
8421,2864
8422,4420
8423,11576
8424,2580
8425,2308
8426,1196
8427,2068
8428,1180
8429,5128
8430,5532
8431,4556
8432,6172
8433,3048
8434,3364
8435,4672
8436,3752
8437,3060
8438,1776
8439,2624
8440,7260
8441,3068
8442,5156
8443,2532
8444,1448
8445,2180
8446,5644
8447,7112
8448,6496
8449,7108
8450,3924
8451,5312
8452,2504
8453,5368
8454,4768
8455,4704
8456,1916
8457,2972
8458,4508
8459,2908
8460,3624
8461,3032
8462,3060
8463,1344
8464,2396
8465,5360
8466,6968
8467,3048
8468,300
8469,7252
8470,2592
8471,2440
8472,1344
8473,3348
8474,1516
8475,3176
8476,5052
8477,6504
8478,5088
8479,2184
8480,2500
8481,5428
8482,1604
8483,4916
8484,5420
8485,816
8486,5352
8487,7072
8488,4632
8489,2964
8490,232
8491,3988
8492,5328
8493,4636
8494,3260
8495,1560
8496,3116
8497,2948
8498,4480
8499,7460
8500,3016
8501,3128
8502,2692
8503,4216
8504,5580
8505,992
8506,5580
8507,3212
8508,1896
8509,6608
8510,2648
8511,3588
8512,5468
8513,7296
8514,1200
8515,4920
8516,676
8517,5496
8518,3300
8519,940
8520,3220
8521,5308
8522,3936
8523,1428
8524,4500
8525,1696
8526,3152
8527,4712
8528,6352
8529,3172
8530,5808
8531,3208
8532,1556
8533,3192
8534,4884
8535,6492
8536,5872
8537,6828
8538,1240
8539,2464
8540,5956
8541,2420
8542,3204
8543,4784
8544,1912
8545,7324
8546,5028
8547,5380
8548,5408
8549,1544
8550,5504
8551,6524
8552,4076
8553,7204
8554,5512
8555,5028
8556,1380
8557,7432
8558,464
8559,6396
8560,1984
8561,3352
8562,1928
8563,3148
8564,3056
8565,1616
8566,7332
8567,3204
8568,1696
8569,4152
8570,3452
8571,4440
8572,1844
8573,3084
8574,2612
8575,1528
8576,4968
8577,9660
8578,3400
8579,1760
8580,6048
8581,3408
8582,5188
8583,6896
8584,1208
8585,2216
8586,3912
8587,7212
8588,2368
8589,6564
8590,4612
8591,1448
8592,3072
8593,7348
8594,6408
8595,3088
8596,14880
8597,3068
8598,3236
8599,4268
8600,3020
8601,4552
8602,5748
8603,2548
8604,4132
8605,5264
8606,7052
8607,5220
8608,628
8609,5160
8610,3008
8611,3012
8612,11884
8613,5624
8614,12156
8615,7124
8616,680
8617,4088
8618,7688
8619,3292
8620,3012
8621,3296
8622,5144
8623,4704
8624,5652
8625,5768
8626,2208
8627,1432
8628,1576
8629,5484
8630,9736
8631,5252
8632,3488
8633,2676
8634,2412
8635,4724
8636,6436
8637,5976
8638,3044
8639,5520
8640,2924
8641,5192
8642,1876
8643,3176
8644,5620
8645,10596
8646,4716
8647,2756
8648,2788
8649,3712
8650,2644
8651,3956
8652,3628
8653,4236
8654,2396
8655,5324
8656,2996
8657,5384
8658,2444
8659,2972
8660,6956
8661,6612
8662,6872
8663,2748
8664,3068
8665,1012
8666,6540
8667,1396
8668,4712
8669,2424
8670,1240
8671,3036
8672,6980
8673,3540
8674,3148
8675,2788
8676,3200
8677,728
8678,4928
8679,3388
8680,3112
8681,5380
8682,3320
8683,2140
8684,3268
8685,2496
8686,5416
8687,1272
8688,2024
8689,1676
8690,6148
8691,3212
8692,3052
8693,1196
8694,13492
8695,7096
8696,6000
8697,6296
8698,1504
8699,6356
8700,2368
8701,6040
8702,2616
8703,1876
8704,6680
8705,3416
8706,2672
8707,3456
8708,6444
8709,3336
8710,3080
8711,2864
8712,1024
8713,2292
8714,5332
8715,1076
8716,700
8717,1732
8718,2224
8719,6204
8720,2072
8721,5544
8722,1936
8723,2756
8724,2136
8725,2680
8726,3444
8727,5604
8728,6584
8729,3784
8730,856
8731,5572
8732,6092
8733,5624
8734,2420
8735,3712
8736,4876
8737,1724
8738,6844
8739,5420
8740,2004
8741,2452
8742,2072
8743,1416
8744,524
8745,3308
8746,3196
8747,1188
8748,2748
8749,4172
8750,3164
8751,3080
8752,2352
8753,1068
8754,2584
8755,1428
8756,1040
8757,1484
8758,1352
8759,3616
8760,7836
8761,2984
8762,3212
8763,10332
8764,3100
8765,5008
8766,5008
8767,6432
8768,432
8769,4732
8770,5464
8771,3104
8772,4868
8773,3144
8774,10272
8775,1340
8776,4284
8777,4484
8778,5164
8779,1660
8780,3204
8781,2424
8782,2852
8783,3808
8784,2408
8785,5536
8786,3252
8787,1608
8788,1980
8789,3532
8790,3172
8791,3284
8792,2720
8793,4652
8794,968
8795,5404
8796,3220
8797,1604
8798,4572
8799,2596
8800,2060
8801,6332
8802,3084
8803,2116
8804,2432
8805,3000
8806,1744
8807,916
8808,232
8809,3856
8810,1360
8811,3140
8812,3156
8813,3352
8814,3816
8815,5376
8816,848
8817,2420
8818,544
8819,5136
8820,4064
8821,3156
8822,2452
8823,7344
8824,3060
8825,3248
8826,5592
8827,3136
8828,3604
8829,2924
8830,3232
8831,6736
8832,3068
8833,1412
8834,3636
8835,1744
8836,1552
8837,2144
8838,3168
8839,6760
8840,2720
8841,4848
8842,7916
8843,9488
8844,5400
8845,6520
8846,3236
8847,2944
8848,7020
8849,512
8850,1432
8851,1412
8852,7596
8853,2644
8854,2640
8855,10184
8856,4756
8857,3140
8858,4980
8859,2840
8860,7244
8861,444
8862,2896
8863,5420
8864,5440
8865,2028
8866,7804
8867,3688
8868,3304
8869,3740
8870,7292
8871,668
8872,3732
8873,6348
8874,2684
8875,3376
8876,2432
8877,1600
8878,6068
8879,2616
8880,6348
8881,2432
8882,5280
8883,1264
8884,3236
8885,2940
8886,3156
8887,2128
8888,4980
8889,2424
8890,1144
8891,7240
8892,9376
8893,2548
8894,2636
8895,3472
8896,6292
8897,6868
8898,5452
8899,3052
8900,5832
8901,6216
8902,6140
8903,4560
8904,2432
8905,904
8906,7084
8907,2036
8908,2344
8909,6932
8910,7172
8911,3128
8912,8568
8913,3108
8914,1204
8915,716
8916,7864
8917,3504
8918,5064
8919,6332
8920,1784
8921,2508
8922,2904
8923,3060
8924,5124
8925,3448
8926,5656
8927,5984
8928,3436
8929,2820
8930,5476
8931,4908
8932,3464
8933,6312
8934,2720
8935,3092
8936,7220
8937,7112
8938,3584
8939,6644
8940,4700
8941,5444
8942,3416
8943,4724
8944,6716
8945,2340
8946,7460
8947,9608
8948,2324
8949,8140
8950,3208
8951,3152
8952,3288
8953,3160
8954,2092
8955,4424
8956,4912
8957,4552
8958,5444
8959,4972
8960,2792
8961,5540
8962,1332
8963,5464
8964,2200
8965,3652
8966,1436
8967,5448
8968,1704
8969,2316
8970,5368
8971,5240
8972,7856
8973,4984
8974,1500
8975,864
8976,2524
8977,1992
8978,2856
8979,5220
8980,5432
8981,4592
8982,3692
8983,5588
8984,1064
8985,5808
8986,7384
8987,7560
8988,2860
8989,6016
8990,9660
8991,4080
8992,1688
8993,2776
8994,6812
8995,860
8996,5824
8997,5256
8998,1708
8999,3080
9000,3304
9001,2328
9002,4664
9003,6700
9004,2032
9005,5916
9006,7152
9007,6048
9008,5712
9009,5024
9010,3108
9011,1592
9012,5356
9013,4788
9014,5284
9015,2904
9016,1524
9017,2540
9018,1748
9019,3116
9020,2368
9021,6976
9022,5436
9023,2440
9024,3152
9025,6192
9026,5104
9027,6364
9028,2304
9029,4820
9030,5456
9031,1024
9032,2116
9033,2968
9034,2636
9035,2060
9036,7820
9037,7096
9038,3040
9039,1108
9040,3064
9041,1064
9042,3312
9043,7992
9044,3088
9045,3356
9046,5268
9047,1468
9048,2948
9049,4148
9050,2800
9051,3000
9052,5472
9053,912
9054,2508
9055,2872
9056,6300
9057,5008
9058,616
9059,7124
9060,3948
9061,5420
9062,4196
9063,1920
9064,4244
9065,1940
9066,4964
9067,3264
9068,1496
9069,5084
9070,3856
9071,6848
9072,3004
9073,3444
9074,5376
9075,2116
9076,1372
9077,5400
9078,3128
9079,4848
9080,1208
9081,3044
9082,9332
9083,7012
9084,2580
9085,6868
9086,1380
9087,1544
9088,5256
9089,3372
9090,1476
9091,3340
9092,7908
9093,2400
9094,1408
9095,6612
9096,2484
9097,7148
9098,3372
9099,876
9100,6028
9101,7048
9102,2116
9103,6880
9104,7312
9105,2740
9106,2392
9107,2724
9108,1440
9109,1320
9110,1224
9111,1760
9112,4152
9113,3884
9114,11232
9115,1488
9116,4448
9117,1496
9118,5340
9119,5780
9120,3004
9121,5184
9122,6000
9123,2516
9124,1608
9125,1596
9126,1412
9127,7700
9128,1324
9129,2168
9130,3172
9131,6356
9132,4228
9133,5332
9134,3812
9135,5820
9136,5456
9137,2528
9138,5404
9139,4600
9140,1448
9141,3108
9142,1088
9143,2824
9144,3144
9145,2840
9146,2136
9147,2604
9148,6472
9149,5388
9150,1496
9151,3620
9152,1920
9153,5384
9154,3320
9155,7068
9156,3572
9157,3080
9158,2440
9159,7188
9160,4068
9161,5412
9162,1468
9163,2872
9164,3160
9165,5608
9166,1208
9167,6792
9168,6508
9169,2552
9170,6264
9171,3036
9172,3980
9173,2272
9174,5456
9175,3460
9176,5640
9177,2084
9178,4016
9179,6044
9180,4912
9181,5192
9182,564
9183,2444
9184,3352
9185,7080
9186,2224
9187,5448
9188,6024
9189,2280
9190,3460
9191,1620
9192,3448
9193,3060
9194,2024
9195,4564
9196,4756
9197,3400
9198,7076
9199,2772
9200,4992
9201,7644
9202,2816
9203,3224
9204,4144
9205,3840
9206,5296
9207,3472
9208,3196
9209,2036
9210,6648
9211,2252
9212,9452
9213,7112
9214,1360
9215,2692
9216,2820
9217,5744
9218,1260
9219,7452
9220,8520
9221,7480
9222,6372
9223,2416
9224,2328
9225,5772
9226,2084
9227,5020
9228,7804
9229,1288
9230,3248
9231,9204
9232,10536
9233,10456
9234,11840
9235,2812
9236,4964
9237,5372
9238,7292
9239,1444
9240,3232
9241,668
9242,3280
9243,576
9244,5580
9245,6808
9246,4864
9247,2092
9248,1048
9249,4004
9250,1300
9251,6064
9252,5124
9253,6016
9254,2084
9255,2568
9256,5360
9257,1048
9258,876
9259,2372
9260,1428
9261,3192
9262,1000
9263,7176
9264,2152
9265,1460
9266,7500
9267,3644
9268,4688
9269,3156
9270,4568
9271,2412
9272,7228
9273,4292
9274,4500
9275,2352
9276,3400
9277,2048
9278,6764
9279,5544
9280,1744
9281,1440
9282,752
9283,5108
9284,3088
9285,2400
9286,2408
9287,5076
9288,2592
9289,3304
9290,5392
9291,5428
9292,5456
9293,5172
9294,7024
9295,1440
9296,3064
9297,3052
9298,1628
9299,3256
9300,7284
9301,3436
9302,3368
9303,5180
9304,3316
9305,2364
9306,2948
9307,1264
9308,2240
9309,2468
9310,2000
9311,2756
9312,588
9313,5772
9314,8428
9315,7704
9316,2368
9317,3100
9318,6900
9319,2800
9320,5340
9321,7008
9322,2704
9323,5320
9324,5384
9325,764
9326,3340
9327,10460
9328,3108
9329,9228
9330,1124
9331,5128
9332,2852
9333,5756
9334,4792
9335,1284
9336,3576
9337,2232
9338,11536
9339,5600
9340,2428
9341,4676
9342,5100
9343,4720
9344,1404
9345,5252
9346,2624
9347,4620
9348,7808
9349,5600
9350,2876
9351,1888
9352,3064
9353,2640
9354,4700
9355,6516
9356,1416
9357,6784
9358,2900
9359,3716
9360,2780
9361,3396
9362,5184
9363,5684
9364,3120
9365,7188
9366,2340
9367,6136
9368,1572
9369,6392
9370,1588
9371,5220
9372,616
9373,5752
9374,1436
9375,4608
9376,6296
9377,3192
9378,1384
9379,2360
9380,10524
9381,6804
9382,6760
9383,2912
9384,4264
9385,3088
9386,1356
9387,3624
9388,916
9389,6200
9390,2876
9391,3036
9392,1152
9393,3344
9394,5408
9395,2700
9396,2484
9397,3356
9398,1512
9399,5312
9400,5288
9401,6756
9402,7816
9403,1392
9404,2120
9405,6144
9406,3328
9407,4584
9408,6168
9409,3156
9410,3164
9411,2184
9412,832
9413,3064
9414,3240
9415,900
9416,5308
9417,2772
9418,1576
9419,7024
9420,3236
9421,2796
9422,4844
9423,652
9424,1308
9425,1284
9426,5432
9427,11828
9428,3108
9429,1184
9430,5760
9431,1204
9432,3160
9433,2772
9434,6848
9435,2696
9436,2536
9437,10416
9438,6464
9439,4276
9440,1396
9441,2516
9442,4960
9443,2948
9444,6560
9445,1188
9446,1376
9447,3148
9448,4796
9449,7108
9450,2216
9451,3192
9452,5364
9453,5652
9454,6976
9455,6856
9456,2968
9457,2980
9458,7024
9459,2440
9460,4364
9461,3380
9462,3152
9463,6396
9464,884
9465,2836
9466,5428
9467,2352
9468,3240
9469,3216
9470,2612
9471,6364
9472,3100
9473,2824
9474,7100
9475,4660
9476,5336
9477,7196
9478,432
9479,2328
9480,6384
9481,4696
9482,1248
9483,5436
9484,2656
9485,2096
9486,7404
9487,3112
9488,1144
9489,1876
9490,3356
9491,1456
9492,1284
9493,4964
9494,2216
9495,3820
9496,3708
9497,4540
9498,3132
9499,5448
9500,2788
9501,1356
9502,2052
9503,7168
9504,5536
9505,2844
9506,3108
9507,3924
9508,3924
9509,3264
9510,3108
9511,7900
9512,2276
9513,660
9514,5676
9515,2572
9516,584
9517,5420
9518,4848
9519,1480
9520,5232
9521,1076
9522,5504
9523,2816
9524,3220
9525,2724
9526,1628
9527,1476
9528,6816
9529,3252
9530,7072
9531,6268
9532,5320
9533,2296
9534,3136
9535,5752
9536,2784
9537,2948
9538,4516
9539,1920
9540,2456
9541,6608
9542,5264
9543,3408
9544,5316
9545,5604
9546,1896
9547,5084
9548,7424
9549,4448
9550,3080
9551,1344
9552,4832
9553,7296
9554,5304
9555,2760
9556,2076
9557,3120
9558,7032
9559,6692
9560,3640
9561,9956
9562,7908
9563,5564
9564,616
9565,6864
9566,3404
9567,5136
9568,4420
9569,7236
9570,4572
9571,2928
9572,5508
9573,5576
9574,3456
9575,3208
9576,2452
9577,3352
9578,2856
9579,7620
9580,6832
9581,6552
9582,10004
9583,3868
9584,4820
9585,2968
9586,3232
9587,7308
9588,1588
9589,2140
9590,5496
9591,4876
9592,3512
9593,3144
9594,2088
9595,2568
9596,1036
9597,6576
9598,2976
9599,960
9600,9072
9601,668
9602,7752
9603,4952
9604,5560
9605,1588
9606,3392
9607,1712
9608,4964
9609,5796
9610,2432
9611,1340
9612,3852
9613,4740
9614,7712
9615,4436
9616,7248
9617,3252
9618,2720
9619,3488
9620,3216
9621,5668
9622,2692
9623,5404
9624,4196
9625,3640
9626,3208
9627,3368
9628,3504
9629,11144
9630,2956
9631,5288
9632,3128
9633,5536
9634,6352
9635,5488
9636,5796
9637,3432
9638,2908
9639,4772
9640,2692
9641,4628
9642,6780
9643,3744
9644,3008
9645,5368
9646,6784
9647,2728
9648,640
9649,2388
9650,8628
9651,3300
9652,3096
9653,1544
9654,4372
9655,5328
9656,6340
9657,3228
9658,3048
9659,5388
9660,5196
9661,5508
9662,1784
9663,1332
9664,3476
9665,760
9666,2664
9667,5428
9668,3084
9669,6024
9670,3480
9671,3072
9672,2496
9673,2764
9674,3524
9675,2992
9676,2476
9677,5332
9678,1784
9679,10540
9680,672
9681,7044
9682,7460
9683,1732
9684,7960
9685,616
9686,1236
9687,4848
9688,4404
9689,948
9690,904
9691,3120
9692,2708
9693,5448
9694,5620
9695,3180
9696,2956
9697,1712
9698,3044
9699,7108
9700,5576
9701,1072
9702,3284
9703,5316
9704,6708
9705,6148
9706,6476
9707,5012
9708,4072
9709,2140
9710,3248
9711,2808
9712,2920
9713,3224
9714,2076
9715,1420
9716,3840
9717,3044
9718,1404
9719,4276
9720,1376
9721,1008
9722,1320
9723,2872
9724,2956
9725,2936
9726,6572
9727,4764
9728,7128
9729,2776
9730,3384
9731,13052
9732,9652
9733,5720
9734,3468
9735,1324
9736,5116
9737,1220
9738,1876
9739,3104
9740,6852
9741,3632
9742,2088
9743,3168
9744,2716
9745,3356
9746,2140
9747,3064
9748,4756
9749,2324
9750,2356
9751,7924
9752,6480
9753,6552
9754,380
9755,1620
9756,4504
9757,1000
9758,2988
9759,2700
9760,7052
9761,3084
9762,3412
9763,3116
9764,2644
9765,2128
9766,2552
9767,6884
9768,2992
9769,4596
9770,1444
9771,1648
9772,5012
9773,4680
9774,2460
9775,5632
9776,5336
9777,3092
9778,6256
9779,3200
9780,1240
9781,3276
9782,6444
9783,5728
9784,3960
9785,6752
9786,1408
9787,7308
9788,3060
9789,4744
9790,2348
9791,2804
9792,5236
9793,3072
9794,5420
9795,3404
9796,1748
9797,5328
9798,7272
9799,6044
9800,2536
9801,5348
9802,6440
9803,6436
9804,2504
9805,1528
9806,2480
9807,6352
9808,5064
9809,5176
9810,2836
9811,6900
9812,3044
9813,2192
9814,6156
9815,6020
9816,1428
9817,4056
9818,3040
9819,3116
9820,3844
9821,4788
9822,1148
9823,4720
9824,3408
9825,6876
9826,3152
9827,3208
9828,3344
9829,3376
9830,5256
9831,2440
9832,6136
9833,7920
9834,3044
9835,5288
9836,1928
9837,3440
9838,2644
9839,1100
9840,2412
9841,5420
9842,5368
9843,1688
9844,1372
9845,1560
9846,6684
9847,2552
9848,6012
9849,2788
9850,3404
9851,3356
9852,5320
9853,3216
9854,5224
9855,5276
9856,7244
9857,3380
9858,6356
9859,5308
9860,4412
9861,2272
9862,2028
9863,4680
9864,3296
9865,2304
9866,1676
9867,3084
9868,3744
9869,5296
9870,2368
9871,4672
9872,6388
9873,3472
9874,3112
9875,7176
9876,4344
9877,1372
9878,5032
9879,1608
9880,3208
9881,1404
9882,2752
9883,7076
9884,8180
9885,6916
9886,6732
9887,6856
9888,1140
9889,3216
9890,2204
9891,6964
9892,2716
9893,7552
9894,3392
9895,2872
9896,2792
9897,1188
9898,3384
9899,1648
9900,3224
9901,7116
9902,1744
9903,2900
9904,1628
9905,3980
9906,3184
9907,1384
9908,4316
9909,3072
9910,3236
9911,3452
9912,548
9913,2796
9914,6316
9915,7964
9916,3368
9917,2956
9918,2980
9919,5504
9920,2400
9921,3100
9922,1404
9923,600
9924,6592
9925,3104
9926,3176
9927,1932
9928,5288
9929,2472
9930,3228
9931,2996
9932,5484
9933,5460
9934,3472
9935,2172
9936,3916
9937,2532
9938,1648
9939,3096
9940,2136
9941,3168
9942,2084
9943,6844
9944,1460
9945,5392
9946,3028
9947,6452
9948,3000
9949,1700
9950,6108
9951,4304
9952,2280
9953,3064
9954,9644
9955,2972
9956,2576
9957,5192
9958,4488
9959,6900
9960,2764
9961,6428
9962,3148
9963,6584
9964,2520
9965,2948
9966,3124
9967,6940
9968,2260
9969,2068
9970,6504
9971,4740
9972,2912
9973,3120
9974,2776
9975,1528
9976,2704
9977,1752
9978,10692
9979,3224
9980,4032
9981,4520
9982,3100
9983,12000
9984,1128
9985,2896
9986,4788
9987,5452
9988,2648
9989,5540
9990,8492
9991,3524
9992,1468
9993,3168
9994,2384
9995,1352
9996,5572
9997,576
9998,5232
9999,2984
10000,2724
10001,1508
10002,1700
10003,1740
10004,2204
10005,960
10006,1716
10007,536
